RunDate,PeriodEndDate,FeatureLag,n_estimators,min_samples_split,max_features,max_depth
10/22/2021,10/1/2021,1,726,21,1,3890
10/22/2021,10/1/2021,2,762,12,4,3729
10/22/2021,10/1/2021,3,204,34,1,3416
10/22/2021,10/1/2021,4,920,12,5,3012
10/22/2021,10/1/2021,5,483,14,2,195
10/22/2021,10/1/2021,6,670,47,2,1254
10/22/2021,10/1/2021,7,702,8,3,3597
10/22/2021,10/1/2021,8,387,31,2,3111
10/22/2021,10/1/2021,9,709,49,2,3270
10/22/2021,10/1/2021,10,271,35,5,1284
10/22/2021,10/1/2021,11,43,30,2,10
10/22/2021,10/1/2021,12,271,47,3,4682
10/22/2021,10/1/2021,13,759,32,4,5598
10/22/2021,10/1/2021,14,419,49,1,5563
10/22/2021,10/1/2021,15,629,31,1,3159
10/22/2021,10/1/2021,16,922,48,1,5964
10/22/2021,10/1/2021,17,39,5,1,2279
10/22/2021,10/1/2021,18,250,3,1,1965
10/22/2021,10/1/2021,19,560,47,4,2618
10/22/2021,10/1/2021,20,677,40,1,4360
10/22/2021,10/1/2021,21,390,39,1,4032
10/22/2021,10/1/2021,22,330,34,2,2440
10/22/2021,10/1/2021,23,254,45,2,1903
10/22/2021,10/1/2021,24,86,42,2,5285
10/22/2021,10/1/2021,25,877,25,2,2732
10/22/2021,10/1/2021,26,113,33,1,4533
10/22/2021,10/1/2021,27,166,49,1,873
10/22/2021,10/1/2021,28,695,35,5,636
10/22/2021,10/1/2021,29,4,43,5,5706
10/22/2021,10/1/2021,30,447,43,2,4006
10/22/2021,10/1/2021,31,38,45,5,5468
10/22/2021,10/1/2021,32,215,16,5,3156
10/22/2021,10/1/2021,33,640,16,2,652
10/22/2021,10/1/2021,34,45,9,5,4421
10/22/2021,10/1/2021,35,71,38,3,1613
10/22/2021,10/1/2021,36,442,7,5,669
10/22/2021,10/1/2021,37,100,39,3,3391
10/22/2021,10/1/2021,38,516,27,2,3360
10/22/2021,10/1/2021,39,863,6,3,2557
10/22/2021,10/1/2021,40,692,47,4,1766
10/22/2021,10/1/2021,41,690,2,3,812
10/22/2021,10/1/2021,42,467,46,4,1951
10/22/2021,10/1/2021,43,81,43,1,4438
10/22/2021,10/1/2021,44,412,49,1,5209
10/22/2021,10/1/2021,45,19,31,4,1028
10/22/2021,10/1/2021,46,330,3,1,3244
10/22/2021,10/1/2021,47,210,3,3,90
10/22/2021,10/1/2021,48,865,37,5,2799
10/22/2021,10/1/2021,49,419,39,2,227
10/22/2021,10/1/2021,50,509,36,2,2529
10/22/2021,10/1/2021,51,490,40,4,2993
10/22/2021,10/1/2021,52,134,37,1,1657
10/22/2021,10/1/2021,53,582,42,4,2419
10/22/2021,10/1/2021,54,2,41,1,5088
10/22/2021,10/1/2021,55,43,44,3,2410
10/22/2021,10/1/2021,56,82,45,1,3419
10/22/2021,10/1/2021,57,167,32,3,201
10/22/2021,10/1/2021,58,587,12,2,3456
10/22/2021,10/1/2021,59,774,40,3,2679
10/22/2021,10/1/2021,60,817,15,1,2071
10/22/2021,10/1/2021,61,54,39,2,2643
10/22/2021,10/1/2021,62,802,37,1,2572
10/22/2021,10/1/2021,63,74,48,3,3574
10/22/2021,10/1/2021,64,679,25,3,2185
10/22/2021,10/1/2021,65,382,34,2,3377
10/22/2021,10/1/2021,66,595,35,1,645
10/22/2021,10/1/2021,67,663,4,4,5088
10/22/2021,10/1/2021,68,374,50,1,1631
10/22/2021,10/1/2021,69,568,9,4,5461
10/22/2021,10/1/2021,70,10,30,3,4021
10/22/2021,10/1/2021,71,661,46,1,1629
10/22/2021,10/1/2021,72,930,44,3,5792
10/22/2021,10/1/2021,73,460,14,4,97
10/22/2021,10/1/2021,74,28,50,4,911
10/22/2021,10/1/2021,75,967,49,4,476
10/22/2021,10/1/2021,76,538,43,4,5778
10/22/2021,10/1/2021,77,395,8,3,5137
10/22/2021,10/1/2021,78,855,12,1,2788
10/22/2021,10/1/2021,79,25,31,2,1597
10/22/2021,10/1/2021,80,230,33,1,733
10/22/2021,10/1/2021,81,309,3,2,3823
10/22/2021,10/1/2021,82,963,47,2,5987
10/22/2021,10/1/2021,83,53,46,1,1841
10/22/2021,10/1/2021,84,331,34,3,888
10/22/2021,10/1/2021,85,960,24,4,2223
10/22/2021,10/1/2021,86,519,29,1,15
10/22/2021,10/1/2021,87,854,5,2,5677
10/22/2021,10/1/2021,88,464,47,2,1650
10/22/2021,10/1/2021,89,525,23,4,4757
10/22/2021,10/1/2021,90,499,49,1,534
10/22/2021,10/4/2021,1,430,42,3,953
10/22/2021,10/4/2021,2,263,8,3,3241
10/22/2021,10/4/2021,3,586,33,1,5942
10/22/2021,10/4/2021,4,606,46,1,678
10/22/2021,10/4/2021,5,32,46,1,865
10/22/2021,10/4/2021,6,868,45,1,330
10/22/2021,10/4/2021,7,502,2,3,4792
10/22/2021,10/4/2021,8,652,34,5,4075
10/22/2021,10/4/2021,9,539,49,5,3939
10/22/2021,10/4/2021,10,300,43,4,3370
10/22/2021,10/4/2021,11,152,44,3,2213
10/22/2021,10/4/2021,12,681,31,1,4046
10/22/2021,10/4/2021,13,328,24,3,5326
10/22/2021,10/4/2021,14,420,35,1,1415
10/22/2021,10/4/2021,15,61,50,5,4063
10/22/2021,10/4/2021,16,803,30,2,5834
10/22/2021,10/4/2021,17,94,31,5,11
10/22/2021,10/4/2021,18,151,20,4,3846
10/22/2021,10/4/2021,19,92,2,2,1457
10/22/2021,10/4/2021,20,502,47,2,3200
10/22/2021,10/4/2021,21,397,46,3,2757
10/22/2021,10/4/2021,22,883,12,1,5316
10/22/2021,10/4/2021,23,702,38,5,5939
10/22/2021,10/4/2021,24,294,50,4,3248
10/22/2021,10/4/2021,25,192,27,2,3711
10/22/2021,10/4/2021,26,719,4,2,4912
10/22/2021,10/4/2021,27,524,39,3,4701
10/22/2021,10/4/2021,28,942,50,5,2237
10/22/2021,10/4/2021,29,73,36,1,1322
10/22/2021,10/4/2021,30,36,43,1,1382
10/22/2021,10/4/2021,31,697,46,1,5992
10/22/2021,10/4/2021,32,825,5,3,5727
10/22/2021,10/4/2021,33,337,36,2,21
10/22/2021,10/4/2021,34,7,27,2,5710
10/22/2021,10/4/2021,35,108,6,5,5364
10/22/2021,10/4/2021,36,972,2,4,5713
10/22/2021,10/4/2021,37,917,44,3,4521
10/22/2021,10/4/2021,38,284,5,1,5241
10/22/2021,10/4/2021,39,733,8,2,5130
10/22/2021,10/4/2021,40,384,39,1,3468
10/22/2021,10/4/2021,41,200,17,4,2274
10/22/2021,10/4/2021,42,157,32,1,478
10/22/2021,10/4/2021,43,156,30,2,3359
10/22/2021,10/4/2021,44,658,50,3,5905
10/22/2021,10/4/2021,45,106,36,3,4571
10/22/2021,10/4/2021,46,744,30,2,5542
10/22/2021,10/4/2021,47,66,47,3,4363
10/22/2021,10/4/2021,48,945,35,1,744
10/22/2021,10/4/2021,49,938,37,3,2319
10/22/2021,10/4/2021,50,609,20,2,5560
10/22/2021,10/4/2021,51,35,7,4,284
10/22/2021,10/4/2021,52,380,42,1,1217
10/22/2021,10/4/2021,53,691,39,2,4850
10/22/2021,10/4/2021,54,257,50,3,3376
10/22/2021,10/4/2021,55,281,6,3,5843
10/22/2021,10/4/2021,56,732,42,5,5058
10/22/2021,10/4/2021,57,571,25,1,2278
10/22/2021,10/4/2021,58,329,49,3,3153
10/22/2021,10/4/2021,59,337,7,1,5637
10/22/2021,10/4/2021,60,90,13,3,3916
10/22/2021,10/4/2021,61,872,25,3,1052
10/22/2021,10/4/2021,62,395,36,2,5738
10/22/2021,10/4/2021,63,561,22,4,3446
10/22/2021,10/4/2021,64,733,17,1,3550
10/22/2021,10/4/2021,65,33,35,1,4531
10/22/2021,10/4/2021,66,570,46,1,3308
10/22/2021,10/4/2021,67,552,5,1,2332
10/22/2021,10/4/2021,68,126,35,1,1203
10/22/2021,10/4/2021,69,136,33,2,2209
10/22/2021,10/4/2021,70,686,14,1,3431
10/22/2021,10/4/2021,71,76,35,1,4223
10/22/2021,10/4/2021,72,207,26,5,4233
10/22/2021,10/4/2021,73,188,5,1,4298
10/22/2021,10/4/2021,74,877,17,2,638
10/22/2021,10/4/2021,75,65,39,1,4606
10/22/2021,10/4/2021,76,76,18,3,642
10/22/2021,10/4/2021,77,521,11,3,5874
10/22/2021,10/4/2021,78,259,31,1,4070
10/22/2021,10/4/2021,79,625,5,3,5260
10/22/2021,10/4/2021,80,798,36,1,3331
10/22/2021,10/4/2021,81,993,27,5,1604
10/22/2021,10/4/2021,82,22,25,2,4032
10/22/2021,10/4/2021,83,360,48,5,4951
10/22/2021,10/4/2021,84,370,26,4,1523
10/22/2021,10/4/2021,85,93,5,2,5291
10/22/2021,10/4/2021,86,460,36,1,2098
10/22/2021,10/4/2021,87,242,2,2,40
10/22/2021,10/4/2021,88,973,19,4,3732
10/22/2021,10/4/2021,89,505,4,2,2201
10/22/2021,10/4/2021,90,314,30,1,1569
10/22/2021,10/5/2021,1,968,10,1,2795
10/22/2021,10/5/2021,2,110,12,4,705
10/22/2021,10/5/2021,3,86,47,4,2009
10/22/2021,10/5/2021,4,840,34,2,219
10/22/2021,10/5/2021,5,210,48,2,4278
10/22/2021,10/5/2021,6,25,38,2,2664
10/22/2021,10/5/2021,7,613,12,5,2170
10/22/2021,10/5/2021,8,71,39,1,852
10/22/2021,10/5/2021,9,141,32,1,5632
10/22/2021,10/5/2021,10,302,37,5,952
10/22/2021,10/5/2021,11,571,22,2,4046
10/22/2021,10/5/2021,12,611,43,4,4337
10/22/2021,10/5/2021,13,767,27,1,1116
10/22/2021,10/5/2021,14,603,7,1,2749
10/22/2021,10/5/2021,15,32,42,4,2344
10/22/2021,10/5/2021,16,665,43,5,2090
10/22/2021,10/5/2021,17,129,38,1,3224
10/22/2021,10/5/2021,18,121,2,2,605
10/22/2021,10/5/2021,19,24,48,3,5743
10/22/2021,10/5/2021,20,287,25,1,2241
10/22/2021,10/5/2021,21,74,25,4,1868
10/22/2021,10/5/2021,22,175,7,3,1102
10/22/2021,10/5/2021,23,649,41,5,10
10/22/2021,10/5/2021,24,996,22,1,5142
10/22/2021,10/5/2021,25,676,26,4,4026
10/22/2021,10/5/2021,26,52,31,5,2864
10/22/2021,10/5/2021,27,137,31,1,2753
10/22/2021,10/5/2021,28,955,41,5,2218
10/22/2021,10/5/2021,29,805,40,4,4269
10/22/2021,10/5/2021,30,521,48,1,479
10/22/2021,10/5/2021,31,949,49,1,1125
10/22/2021,10/5/2021,32,443,3,5,5220
10/22/2021,10/5/2021,33,174,26,1,3759
10/22/2021,10/5/2021,34,136,42,1,5086
10/22/2021,10/5/2021,35,358,7,5,1392
10/22/2021,10/5/2021,36,22,40,1,3221
10/22/2021,10/5/2021,37,755,47,5,2618
10/22/2021,10/5/2021,38,310,37,3,2260
10/22/2021,10/5/2021,39,302,5,4,730
10/22/2021,10/5/2021,40,391,33,3,2291
10/22/2021,10/5/2021,41,486,43,1,166
10/22/2021,10/5/2021,42,926,38,1,4000
10/22/2021,10/5/2021,43,990,21,1,4326
10/22/2021,10/5/2021,44,540,41,4,4860
10/22/2021,10/5/2021,45,951,4,2,5798
10/22/2021,10/5/2021,46,554,3,4,1698
10/22/2021,10/5/2021,47,412,8,3,440
10/22/2021,10/5/2021,48,442,48,1,1855
10/22/2021,10/5/2021,49,967,49,3,5415
10/22/2021,10/5/2021,50,857,20,1,3626
10/22/2021,10/5/2021,51,753,34,2,5413
10/22/2021,10/5/2021,52,828,48,1,1633
10/22/2021,10/5/2021,53,944,46,1,3781
10/22/2021,10/5/2021,54,792,50,4,4546
10/22/2021,10/5/2021,55,65,26,3,4963
10/22/2021,10/5/2021,56,504,36,1,5602
10/22/2021,10/5/2021,57,23,20,2,94
10/22/2021,10/5/2021,58,927,16,5,669
10/22/2021,10/5/2021,59,49,18,4,720
10/22/2021,10/5/2021,60,47,17,4,4113
10/22/2021,10/5/2021,61,274,47,2,5421
10/22/2021,10/5/2021,62,732,43,1,1496
10/22/2021,10/5/2021,63,193,35,5,4249
10/22/2021,10/5/2021,64,171,46,1,5700
10/22/2021,10/5/2021,65,764,41,1,2306
10/22/2021,10/5/2021,66,25,40,3,1920
10/22/2021,10/5/2021,67,169,22,5,5818
10/22/2021,10/5/2021,68,314,14,5,697
10/22/2021,10/5/2021,69,269,33,2,4453
10/22/2021,10/5/2021,70,800,49,2,3790
10/22/2021,10/5/2021,71,151,36,2,3814
10/22/2021,10/5/2021,72,212,46,5,4350
10/22/2021,10/5/2021,73,90,15,1,1320
10/22/2021,10/5/2021,74,48,39,5,4696
10/22/2021,10/5/2021,75,31,46,1,2349
10/22/2021,10/5/2021,76,520,49,2,2496
10/22/2021,10/5/2021,77,217,8,2,5662
10/22/2021,10/5/2021,78,812,31,4,2774
10/22/2021,10/5/2021,79,700,32,3,2419
10/22/2021,10/5/2021,80,987,34,2,3589
10/22/2021,10/5/2021,81,305,28,3,4231
10/22/2021,10/5/2021,82,420,50,1,1164
10/22/2021,10/5/2021,83,482,46,4,1215
10/22/2021,10/5/2021,84,793,30,1,2878
10/22/2021,10/5/2021,85,623,19,5,3748
10/22/2021,10/5/2021,86,286,48,1,4658
10/22/2021,10/5/2021,87,979,7,5,5039
10/22/2021,10/5/2021,88,671,20,4,4612
10/22/2021,10/5/2021,89,869,38,5,661
10/22/2021,10/5/2021,90,932,28,1,5977
10/21/2021,10/6/2021,1,586,29,1,4187
10/21/2021,10/6/2021,2,536,47,3,2460
10/21/2021,10/6/2021,3,231,43,3,1846
10/21/2021,10/6/2021,4,69,45,1,616
10/21/2021,10/6/2021,5,588,36,3,481
10/21/2021,10/6/2021,6,214,46,3,1241
10/21/2021,10/6/2021,7,236,6,2,4949
10/21/2021,10/6/2021,8,849,34,1,2715
10/21/2021,10/6/2021,9,953,45,1,2781
10/21/2021,10/6/2021,10,835,44,1,5699
10/21/2021,10/6/2021,11,14,50,5,5531
10/21/2021,10/6/2021,12,350,29,2,4269
10/21/2021,10/6/2021,13,272,24,1,2022
10/21/2021,10/6/2021,14,576,8,1,999
10/21/2021,10/6/2021,15,402,30,1,5287
10/21/2021,10/6/2021,16,802,32,5,203
10/21/2021,10/6/2021,17,22,5,5,4206
10/21/2021,10/6/2021,18,766,7,4,2065
10/21/2021,10/6/2021,19,65,25,5,1387
10/21/2021,10/6/2021,20,761,16,5,2100
10/21/2021,10/6/2021,21,104,34,5,957
10/21/2021,10/6/2021,22,500,32,4,648
10/21/2021,10/6/2021,23,758,38,5,4900
10/21/2021,10/6/2021,24,718,16,3,5728
10/21/2021,10/6/2021,25,593,49,1,1940
10/21/2021,10/6/2021,26,182,5,2,1151
10/21/2021,10/6/2021,27,731,43,1,550
10/21/2021,10/6/2021,28,552,24,1,3360
10/21/2021,10/6/2021,29,835,44,4,5992
10/21/2021,10/6/2021,30,386,47,2,4602
10/21/2021,10/6/2021,31,294,42,1,5482
10/21/2021,10/6/2021,32,40,46,4,5938
10/21/2021,10/6/2021,33,390,19,3,1230
10/21/2021,10/6/2021,34,224,45,5,4085
10/21/2021,10/6/2021,35,518,2,5,5885
10/21/2021,10/6/2021,36,127,7,5,2579
10/21/2021,10/6/2021,37,180,49,3,1768
10/21/2021,10/6/2021,38,298,6,3,3632
10/21/2021,10/6/2021,39,803,50,1,1370
10/21/2021,10/6/2021,40,775,31,2,1582
10/21/2021,10/6/2021,41,946,4,3,2493
10/21/2021,10/6/2021,42,612,46,3,2194
10/21/2021,10/6/2021,43,791,47,1,3071
10/21/2021,10/6/2021,44,216,50,3,3716
10/21/2021,10/6/2021,45,328,22,5,522
10/21/2021,10/6/2021,46,121,22,4,415
10/21/2021,10/6/2021,47,398,5,5,3825
10/21/2021,10/6/2021,48,768,50,2,2663
10/21/2021,10/6/2021,49,959,49,5,5146
10/21/2021,10/6/2021,50,139,19,1,4789
10/21/2021,10/6/2021,51,103,26,2,4841
10/21/2021,10/6/2021,52,812,41,4,3776
10/21/2021,10/6/2021,53,30,10,5,4705
10/21/2021,10/6/2021,54,933,50,1,3001
10/21/2021,10/6/2021,55,771,19,4,1365
10/21/2021,10/6/2021,56,184,49,3,501
10/21/2021,10/6/2021,57,358,47,1,5734
10/21/2021,10/6/2021,58,611,17,3,821
10/21/2021,10/6/2021,59,781,37,4,3058
10/21/2021,10/6/2021,60,822,45,1,3467
10/21/2021,10/6/2021,61,158,35,2,5718
10/21/2021,10/6/2021,62,487,47,3,2200
10/21/2021,10/6/2021,63,647,31,4,546
10/21/2021,10/6/2021,64,884,47,2,530
10/21/2021,10/6/2021,65,843,46,2,5229
10/21/2021,10/6/2021,66,292,49,1,149
10/21/2021,10/6/2021,67,386,2,5,3419
10/21/2021,10/6/2021,68,170,13,5,5153
10/21/2021,10/6/2021,69,467,20,4,4117
10/21/2021,10/6/2021,70,10,38,5,469
10/21/2021,10/6/2021,71,232,22,1,3688
10/21/2021,10/6/2021,72,686,44,3,3726
10/21/2021,10/6/2021,73,164,2,2,5115
10/21/2021,10/6/2021,74,775,34,1,1525
10/21/2021,10/6/2021,75,44,34,2,5497
10/21/2021,10/6/2021,76,912,50,3,469
10/21/2021,10/6/2021,77,489,4,3,3613
10/21/2021,10/6/2021,78,991,30,1,287
10/21/2021,10/6/2021,79,968,45,5,616
10/21/2021,10/6/2021,80,167,49,3,4546
10/21/2021,10/6/2021,81,250,49,3,4886
10/21/2021,10/6/2021,82,105,38,3,3391
10/21/2021,10/6/2021,83,849,40,4,4391
10/21/2021,10/6/2021,84,589,21,5,5979
10/21/2021,10/6/2021,85,652,2,5,4876
10/21/2021,10/6/2021,86,531,28,1,1150
10/21/2021,10/6/2021,87,87,20,2,5327
10/21/2021,10/6/2021,88,750,19,5,5927
10/21/2021,10/6/2021,89,910,13,2,2753
10/21/2021,10/6/2021,90,473,15,1,935
10/21/2021,10/7/2021,1,280,22,1,2004
10/21/2021,10/7/2021,2,440,2,5,4517
10/21/2021,10/7/2021,3,916,43,3,5847
10/21/2021,10/7/2021,4,646,24,2,944
10/21/2021,10/7/2021,5,776,45,4,5796
10/21/2021,10/7/2021,6,108,39,5,456
10/21/2021,10/7/2021,7,42,9,3,2191
10/21/2021,10/7/2021,8,909,22,2,366
10/21/2021,10/7/2021,9,378,47,1,4270
10/21/2021,10/7/2021,10,724,42,5,2575
10/21/2021,10/7/2021,11,78,50,4,971
10/21/2021,10/7/2021,12,769,16,3,232
10/21/2021,10/7/2021,13,551,19,2,3843
10/21/2021,10/7/2021,14,113,36,1,3835
10/21/2021,10/7/2021,15,357,11,1,80
10/21/2021,10/7/2021,16,28,28,4,2968
10/21/2021,10/7/2021,17,258,20,3,2609
10/21/2021,10/7/2021,18,262,21,3,2411
10/21/2021,10/7/2021,19,792,13,5,3650
10/21/2021,10/7/2021,20,85,17,5,5082
10/21/2021,10/7/2021,21,668,36,2,2095
10/21/2021,10/7/2021,22,227,25,2,5637
10/21/2021,10/7/2021,23,655,45,5,136
10/21/2021,10/7/2021,24,240,12,2,2327
10/21/2021,10/7/2021,25,531,23,1,490
10/21/2021,10/7/2021,26,61,9,5,5021
10/21/2021,10/7/2021,27,587,46,4,5439
10/21/2021,10/7/2021,28,935,31,2,2212
10/21/2021,10/7/2021,29,702,29,1,3325
10/21/2021,10/7/2021,30,108,20,3,4246
10/21/2021,10/7/2021,31,488,40,1,1904
10/21/2021,10/7/2021,32,908,7,1,4219
10/21/2021,10/7/2021,33,839,18,3,176
10/21/2021,10/7/2021,34,12,50,5,4407
10/21/2021,10/7/2021,35,88,19,4,405
10/21/2021,10/7/2021,36,32,35,2,4024
10/21/2021,10/7/2021,37,432,38,1,2061
10/21/2021,10/7/2021,38,363,6,1,4880
10/21/2021,10/7/2021,39,566,3,2,2132
10/21/2021,10/7/2021,40,726,50,4,4946
10/21/2021,10/7/2021,41,270,30,3,5824
10/21/2021,10/7/2021,42,607,45,3,3146
10/21/2021,10/7/2021,43,38,32,1,1038
10/21/2021,10/7/2021,44,788,48,2,82
10/21/2021,10/7/2021,45,136,36,2,1385
10/21/2021,10/7/2021,46,878,41,1,5373
10/21/2021,10/7/2021,47,994,3,3,5106
10/21/2021,10/7/2021,48,60,35,3,4187
10/21/2021,10/7/2021,49,322,41,5,5683
10/21/2021,10/7/2021,50,19,23,1,5295
10/21/2021,10/7/2021,51,105,43,1,2537
10/21/2021,10/7/2021,52,263,44,1,3595
10/21/2021,10/7/2021,53,462,49,1,2113
10/21/2021,10/7/2021,54,305,46,1,4543
10/21/2021,10/7/2021,55,349,46,3,3495
10/21/2021,10/7/2021,56,710,45,2,4612
10/21/2021,10/7/2021,57,448,44,5,5743
10/21/2021,10/7/2021,58,278,35,3,5401
10/21/2021,10/7/2021,59,437,21,2,3768
10/21/2021,10/7/2021,60,29,3,2,425
10/21/2021,10/7/2021,61,62,33,2,2065
10/21/2021,10/7/2021,62,371,50,2,1007
10/21/2021,10/7/2021,63,765,44,5,2832
10/21/2021,10/7/2021,64,308,17,1,3510
10/21/2021,10/7/2021,65,556,43,2,5832
10/21/2021,10/7/2021,66,85,35,1,4012
10/21/2021,10/7/2021,67,410,16,5,4873
10/21/2021,10/7/2021,68,927,22,4,4073
10/21/2021,10/7/2021,69,302,21,5,3284
10/21/2021,10/7/2021,70,197,47,5,3598
10/21/2021,10/7/2021,71,565,44,4,3318
10/21/2021,10/7/2021,72,894,43,3,3181
10/21/2021,10/7/2021,73,880,2,1,2067
10/21/2021,10/7/2021,74,951,7,2,4243
10/21/2021,10/7/2021,75,534,47,1,903
10/21/2021,10/7/2021,76,644,43,2,953
10/21/2021,10/7/2021,77,275,4,2,4035
10/21/2021,10/7/2021,78,931,20,3,4870
10/21/2021,10/7/2021,79,684,49,4,4079
10/21/2021,10/7/2021,80,38,23,3,1071
10/21/2021,10/7/2021,81,479,23,3,843
10/21/2021,10/7/2021,82,749,39,4,2039
10/21/2021,10/7/2021,83,542,32,1,4844
10/21/2021,10/7/2021,84,978,18,3,2901
10/21/2021,10/7/2021,85,931,8,4,4513
10/21/2021,10/7/2021,86,257,37,3,5342
10/21/2021,10/7/2021,87,272,39,2,130
10/21/2021,10/7/2021,88,298,20,4,729
10/21/2021,10/7/2021,89,560,43,3,3092
10/21/2021,10/7/2021,90,942,46,1,3714
10/21/2021,10/8/2021,1,560,21,1,4382
10/21/2021,10/8/2021,2,719,13,5,371
10/21/2021,10/8/2021,3,600,32,5,3879
10/21/2021,10/8/2021,4,880,31,4,5908
10/21/2021,10/8/2021,5,420,41,4,3238
10/21/2021,10/8/2021,6,378,45,1,2219
10/21/2021,10/8/2021,7,817,3,2,286
10/21/2021,10/8/2021,8,561,30,1,5123
10/21/2021,10/8/2021,9,419,33,5,1820
10/21/2021,10/8/2021,10,817,49,2,117
10/21/2021,10/8/2021,11,679,48,2,1471
10/21/2021,10/8/2021,12,856,18,4,2874
10/21/2021,10/8/2021,13,223,47,1,5910
10/21/2021,10/8/2021,14,545,6,2,370
10/21/2021,10/8/2021,15,529,27,3,475
10/21/2021,10/8/2021,16,688,43,1,4642
10/21/2021,10/8/2021,17,581,22,2,5666
10/21/2021,10/8/2021,18,139,15,5,4773
10/21/2021,10/8/2021,19,531,16,5,3754
10/21/2021,10/8/2021,20,946,24,1,4238
10/21/2021,10/8/2021,21,167,35,2,1944
10/21/2021,10/8/2021,22,102,49,1,2851
10/21/2021,10/8/2021,23,980,38,4,57
10/21/2021,10/8/2021,24,178,22,3,5092
10/21/2021,10/8/2021,25,681,18,1,3499
10/21/2021,10/8/2021,26,232,15,2,3242
10/21/2021,10/8/2021,27,306,41,5,3968
10/21/2021,10/8/2021,28,470,49,1,1606
10/21/2021,10/8/2021,29,495,40,4,5559
10/21/2021,10/8/2021,30,137,37,1,5897
10/21/2021,10/8/2021,31,799,42,4,1046
10/21/2021,10/8/2021,32,718,7,1,1862
10/21/2021,10/8/2021,33,158,12,1,5477
10/21/2021,10/8/2021,34,362,45,4,1917
10/21/2021,10/8/2021,35,399,3,5,145
10/21/2021,10/8/2021,36,42,6,1,2076
10/21/2021,10/8/2021,37,523,34,1,126
10/21/2021,10/8/2021,38,915,14,1,2415
10/21/2021,10/8/2021,39,772,10,1,3407
10/21/2021,10/8/2021,40,95,24,1,691
10/21/2021,10/8/2021,41,938,49,1,3079
10/21/2021,10/8/2021,42,316,41,3,74
10/21/2021,10/8/2021,43,668,50,2,1709
10/21/2021,10/8/2021,44,838,45,2,650
10/21/2021,10/8/2021,45,329,30,2,5132
10/21/2021,10/8/2021,46,999,34,2,4491
10/21/2021,10/8/2021,47,438,49,4,5198
10/21/2021,10/8/2021,48,97,31,3,4739
10/21/2021,10/8/2021,49,231,50,5,3880
10/21/2021,10/8/2021,50,702,4,2,3270
10/21/2021,10/8/2021,51,156,36,1,1518
10/21/2021,10/8/2021,52,524,42,2,3008
10/21/2021,10/8/2021,53,865,48,2,2982
10/21/2021,10/8/2021,54,149,41,1,4297
10/21/2021,10/8/2021,55,181,10,3,255
10/21/2021,10/8/2021,56,400,41,1,5661
10/21/2021,10/8/2021,57,538,39,5,4105
10/21/2021,10/8/2021,58,514,14,5,1281
10/21/2021,10/8/2021,59,923,28,4,4412
10/21/2021,10/8/2021,60,788,45,4,833
10/21/2021,10/8/2021,61,364,39,4,4167
10/21/2021,10/8/2021,62,311,4,1,2007
10/21/2021,10/8/2021,63,519,42,5,5463
10/21/2021,10/8/2021,64,584,27,5,110
10/21/2021,10/8/2021,65,406,48,3,5476
10/21/2021,10/8/2021,66,423,39,3,443
10/21/2021,10/8/2021,67,475,3,3,5346
10/21/2021,10/8/2021,68,265,30,5,2589
10/21/2021,10/8/2021,69,270,27,4,3089
10/21/2021,10/8/2021,70,824,27,2,2101
10/21/2021,10/8/2021,71,732,14,1,4849
10/21/2021,10/8/2021,72,480,50,5,5513
10/21/2021,10/8/2021,73,374,10,1,4847
10/21/2021,10/8/2021,74,603,43,2,5054
10/21/2021,10/8/2021,75,36,47,3,4342
10/21/2021,10/8/2021,76,706,17,2,2985
10/21/2021,10/8/2021,77,975,5,3,1745
10/21/2021,10/8/2021,78,442,25,1,4316
10/21/2021,10/8/2021,79,878,35,1,1734
10/21/2021,10/8/2021,80,517,46,5,2600
10/21/2021,10/8/2021,81,415,36,1,1958
10/21/2021,10/8/2021,82,654,34,4,5223
10/21/2021,10/8/2021,83,197,45,1,2214
10/21/2021,10/8/2021,84,862,21,2,1407
10/21/2021,10/8/2021,85,637,11,5,2106
10/21/2021,10/8/2021,86,739,40,4,2846
10/21/2021,10/8/2021,87,650,15,5,1877
10/21/2021,10/8/2021,88,113,32,4,4909
10/21/2021,10/8/2021,89,477,39,2,62
10/21/2021,10/8/2021,90,436,42,1,4255
10/21/2021,10/11/2021,1,537,29,1,5321
10/21/2021,10/11/2021,2,257,18,2,2844
10/21/2021,10/11/2021,3,891,32,1,5881
10/21/2021,10/11/2021,4,272,17,1,3693
10/21/2021,10/11/2021,5,651,29,5,4136
10/21/2021,10/11/2021,6,917,40,1,1668
10/21/2021,10/11/2021,7,163,7,4,583
10/21/2021,10/11/2021,8,522,44,1,1454
10/21/2021,10/11/2021,9,92,38,1,2041
10/21/2021,10/11/2021,10,156,48,2,2990
10/21/2021,10/11/2021,11,496,46,3,3770
10/21/2021,10/11/2021,12,67,2,2,4234
10/21/2021,10/11/2021,13,711,21,4,3104
10/21/2021,10/11/2021,14,539,47,2,4654
10/21/2021,10/11/2021,15,764,21,1,946
10/21/2021,10/11/2021,16,206,25,2,4249
10/21/2021,10/11/2021,17,172,20,2,2081
10/21/2021,10/11/2021,18,675,8,1,5747
10/21/2021,10/11/2021,19,828,47,3,4335
10/21/2021,10/11/2021,20,963,19,2,73
10/21/2021,10/11/2021,21,380,46,4,1266
10/21/2021,10/11/2021,22,644,48,1,4325
10/21/2021,10/11/2021,23,911,43,4,4798
10/21/2021,10/11/2021,24,366,31,2,3018
10/21/2021,10/11/2021,25,338,27,4,2317
10/21/2021,10/11/2021,26,32,16,3,1724
10/21/2021,10/11/2021,27,566,49,1,593
10/21/2021,10/11/2021,28,69,32,1,1334
10/21/2021,10/11/2021,29,550,42,1,3979
10/21/2021,10/11/2021,30,213,18,1,4974
10/21/2021,10/11/2021,31,632,47,5,329
10/21/2021,10/11/2021,32,734,38,2,2305
10/21/2021,10/11/2021,33,322,44,1,1041
10/21/2021,10/11/2021,34,715,21,1,998
10/21/2021,10/11/2021,35,135,34,5,1274
10/21/2021,10/11/2021,36,2,32,5,1772
10/21/2021,10/11/2021,37,945,48,3,5056
10/21/2021,10/11/2021,38,701,27,2,2777
10/21/2021,10/11/2021,39,81,49,3,4428
10/21/2021,10/11/2021,40,263,46,4,4524
10/21/2021,10/11/2021,41,909,11,1,5670
10/21/2021,10/11/2021,42,550,29,3,383
10/21/2021,10/11/2021,43,545,41,3,408
10/21/2021,10/11/2021,44,47,32,2,4970
10/21/2021,10/11/2021,45,981,24,1,2704
10/21/2021,10/11/2021,46,984,28,1,4467
10/21/2021,10/11/2021,47,402,39,4,944
10/21/2021,10/11/2021,48,65,38,5,827
10/21/2021,10/11/2021,49,992,14,4,2357
10/21/2021,10/11/2021,50,344,15,1,789
10/21/2021,10/11/2021,51,348,5,2,5974
10/21/2021,10/11/2021,52,20,44,1,2019
10/21/2021,10/11/2021,53,695,42,1,5947
10/21/2021,10/11/2021,54,563,46,1,3599
10/21/2021,10/11/2021,55,710,30,1,4306
10/21/2021,10/11/2021,56,442,39,3,2706
10/21/2021,10/11/2021,57,911,35,1,2945
10/21/2021,10/11/2021,58,407,7,4,456
10/21/2021,10/11/2021,59,346,38,5,3719
10/21/2021,10/11/2021,60,956,46,3,2089
10/21/2021,10/11/2021,61,790,39,4,3446
10/21/2021,10/11/2021,62,219,37,1,4141
10/21/2021,10/11/2021,63,627,16,5,247
10/21/2021,10/11/2021,64,921,27,3,5522
10/21/2021,10/11/2021,65,50,42,4,1217
10/21/2021,10/11/2021,66,229,47,5,3881
10/21/2021,10/11/2021,67,882,19,3,4125
10/21/2021,10/11/2021,68,923,11,5,5092
10/21/2021,10/11/2021,69,865,22,2,3023
10/21/2021,10/11/2021,70,880,28,3,3510
10/21/2021,10/11/2021,71,281,3,3,967
10/21/2021,10/11/2021,72,816,45,3,2641
10/21/2021,10/11/2021,73,94,13,1,3740
10/21/2021,10/11/2021,74,415,10,1,1174
10/21/2021,10/11/2021,75,265,49,1,1566
10/21/2021,10/11/2021,76,409,48,3,4852
10/21/2021,10/11/2021,77,920,3,2,3750
10/21/2021,10/11/2021,78,463,33,5,1460
10/21/2021,10/11/2021,79,268,5,2,1354
10/21/2021,10/11/2021,80,681,28,2,3002
10/21/2021,10/11/2021,81,679,19,3,5425
10/21/2021,10/11/2021,82,550,36,4,1479
10/21/2021,10/11/2021,83,529,39,2,410
10/21/2021,10/11/2021,84,777,43,1,1432
10/21/2021,10/11/2021,85,240,34,1,4571
10/21/2021,10/11/2021,86,344,29,2,3584
10/21/2021,10/11/2021,87,274,42,3,1224
10/21/2021,10/11/2021,88,897,46,5,4834
10/21/2021,10/11/2021,89,202,34,5,994
10/21/2021,10/11/2021,90,432,38,4,4228
10/20/2021,10/12/2021,1,319,49,1,2529
10/20/2021,10/12/2021,2,594,7,3,1351
10/20/2021,10/12/2021,3,5,9,3,1044
10/20/2021,10/12/2021,4,422,15,1,227
10/20/2021,10/12/2021,5,398,23,5,3258
10/20/2021,10/12/2021,6,361,48,4,1189
10/20/2021,10/12/2021,7,458,3,2,1946
10/20/2021,10/12/2021,8,51,36,2,560
10/20/2021,10/12/2021,9,306,43,1,2294
10/20/2021,10/12/2021,10,569,42,1,4590
10/20/2021,10/12/2021,11,874,50,4,3259
10/20/2021,10/12/2021,12,326,42,2,536
10/20/2021,10/12/2021,13,668,25,4,539
10/20/2021,10/12/2021,14,323,23,1,2016
10/20/2021,10/12/2021,15,892,44,1,3356
10/20/2021,10/12/2021,16,320,19,2,4051
10/20/2021,10/12/2021,17,124,37,1,2041
10/20/2021,10/12/2021,18,605,10,2,5338
10/20/2021,10/12/2021,19,327,29,3,4428
10/20/2021,10/12/2021,20,308,20,5,2795
10/20/2021,10/12/2021,21,327,13,1,5698
10/20/2021,10/12/2021,22,471,19,3,1843
10/20/2021,10/12/2021,23,221,36,5,360
10/20/2021,10/12/2021,24,965,49,5,5757
10/20/2021,10/12/2021,25,901,37,1,3766
10/20/2021,10/12/2021,26,833,23,3,2551
10/20/2021,10/12/2021,27,796,49,2,3004
10/20/2021,10/12/2021,28,964,48,2,936
10/20/2021,10/12/2021,29,808,43,4,4835
10/20/2021,10/12/2021,30,597,43,1,5575
10/20/2021,10/12/2021,31,586,47,4,1611
10/20/2021,10/12/2021,32,605,45,5,845
10/20/2021,10/12/2021,33,699,24,4,2343
10/20/2021,10/12/2021,34,510,48,5,49
10/20/2021,10/12/2021,35,317,8,4,1788
10/20/2021,10/12/2021,36,917,6,4,1862
10/20/2021,10/12/2021,37,917,49,5,2081
10/20/2021,10/12/2021,38,998,3,3,4354
10/20/2021,10/12/2021,39,224,4,5,1272
10/20/2021,10/12/2021,40,238,50,4,1612
10/20/2021,10/12/2021,41,966,36,1,5142
10/20/2021,10/12/2021,42,811,36,5,3033
10/20/2021,10/12/2021,43,54,37,1,2543
10/20/2021,10/12/2021,44,463,35,5,4788
10/20/2021,10/12/2021,45,857,43,5,1427
10/20/2021,10/12/2021,46,232,19,3,5268
10/20/2021,10/12/2021,47,165,39,3,5005
10/20/2021,10/12/2021,48,258,36,4,3584
10/20/2021,10/12/2021,49,579,41,5,4053
10/20/2021,10/12/2021,50,627,38,1,57
10/20/2021,10/12/2021,51,246,43,1,408
10/20/2021,10/12/2021,52,718,45,5,1420
10/20/2021,10/12/2021,53,736,37,1,4788
10/20/2021,10/12/2021,54,925,41,1,4426
10/20/2021,10/12/2021,55,331,49,2,1571
10/20/2021,10/12/2021,56,968,50,1,4237
10/20/2021,10/12/2021,57,744,47,1,4510
10/20/2021,10/12/2021,58,810,5,1,770
10/20/2021,10/12/2021,59,721,43,4,618
10/20/2021,10/12/2021,60,191,49,4,935
10/20/2021,10/12/2021,61,137,27,1,289
10/20/2021,10/12/2021,62,415,40,3,1424
10/20/2021,10/12/2021,63,564,14,5,3071
10/20/2021,10/12/2021,64,858,30,2,4707
10/20/2021,10/12/2021,65,673,39,1,3565
10/20/2021,10/12/2021,66,78,41,5,5234
10/20/2021,10/12/2021,67,28,4,2,133
10/20/2021,10/12/2021,68,454,21,5,1230
10/20/2021,10/12/2021,69,805,37,5,2483
10/20/2021,10/12/2021,70,320,29,3,5037
10/20/2021,10/12/2021,71,778,21,1,4240
10/20/2021,10/12/2021,72,838,39,4,4203
10/20/2021,10/12/2021,73,44,9,2,5145
10/20/2021,10/12/2021,74,393,32,1,4547
10/20/2021,10/12/2021,75,525,19,1,2967
10/20/2021,10/12/2021,76,349,43,2,2559
10/20/2021,10/12/2021,77,317,2,1,5689
10/20/2021,10/12/2021,78,978,20,1,2619
10/20/2021,10/12/2021,79,420,42,1,1135
10/20/2021,10/12/2021,80,871,18,2,1774
10/20/2021,10/12/2021,81,950,26,2,3018
10/20/2021,10/12/2021,82,64,29,4,181
10/20/2021,10/12/2021,83,914,47,1,3028
10/20/2021,10/12/2021,84,582,44,4,3981
10/20/2021,10/12/2021,85,811,22,2,2706
10/20/2021,10/12/2021,86,53,42,2,2382
10/20/2021,10/12/2021,87,964,46,3,3351
10/20/2021,10/12/2021,88,878,50,5,1001
10/20/2021,10/12/2021,89,13,27,5,3924
10/20/2021,10/12/2021,90,110,40,1,858
10/20/2021,10/13/2021,1,86,11,5,2454
10/20/2021,10/13/2021,2,677,2,4,2572
10/20/2021,10/13/2021,3,961,41,3,952
10/20/2021,10/13/2021,4,540,25,4,761
10/20/2021,10/13/2021,5,897,45,2,5096
10/20/2021,10/13/2021,6,592,31,5,1319
10/20/2021,10/13/2021,7,312,5,5,2905
10/20/2021,10/13/2021,8,249,44,4,26
10/20/2021,10/13/2021,9,913,47,3,4301
10/20/2021,10/13/2021,10,155,42,2,5376
10/20/2021,10/13/2021,11,830,50,2,2197
10/20/2021,10/13/2021,12,196,35,2,3726
10/20/2021,10/13/2021,13,401,20,3,2166
10/20/2021,10/13/2021,14,157,50,3,4113
10/20/2021,10/13/2021,15,66,22,1,5918
10/20/2021,10/13/2021,16,479,42,1,3132
10/20/2021,10/13/2021,17,220,41,3,1299
10/20/2021,10/13/2021,18,66,13,1,3401
10/20/2021,10/13/2021,19,639,38,5,5564
10/20/2021,10/13/2021,20,526,40,1,4918
10/20/2021,10/13/2021,21,434,22,2,1302
10/20/2021,10/13/2021,22,100,41,1,3121
10/20/2021,10/13/2021,23,680,47,3,5251
10/20/2021,10/13/2021,24,151,26,3,5428
10/20/2021,10/13/2021,25,714,38,1,4771
10/20/2021,10/13/2021,26,156,28,3,4936
10/20/2021,10/13/2021,27,479,48,3,2974
10/20/2021,10/13/2021,28,707,40,3,4558
10/20/2021,10/13/2021,29,103,40,1,1200
10/20/2021,10/13/2021,30,359,23,1,482
10/20/2021,10/13/2021,31,211,37,4,2639
10/20/2021,10/13/2021,32,248,49,1,4096
10/20/2021,10/13/2021,33,311,34,1,3796
10/20/2021,10/13/2021,34,23,14,1,2560
10/20/2021,10/13/2021,35,790,40,3,4832
10/20/2021,10/13/2021,36,53,10,2,5164
10/20/2021,10/13/2021,37,624,39,5,120
10/20/2021,10/13/2021,38,252,12,1,5325
10/20/2021,10/13/2021,39,415,2,1,2835
10/20/2021,10/13/2021,40,582,26,2,988
10/20/2021,10/13/2021,41,52,31,1,544
10/20/2021,10/13/2021,42,130,34,5,528
10/20/2021,10/13/2021,43,926,19,1,5669
10/20/2021,10/13/2021,44,215,44,2,1076
10/20/2021,10/13/2021,45,938,29,2,1856
10/20/2021,10/13/2021,46,399,33,1,5851
10/20/2021,10/13/2021,47,317,44,1,2100
10/20/2021,10/13/2021,48,160,50,1,2945
10/20/2021,10/13/2021,49,876,50,3,2476
10/20/2021,10/13/2021,50,969,44,1,5432
10/20/2021,10/13/2021,51,706,45,1,5309
10/20/2021,10/13/2021,52,87,43,3,4838
10/20/2021,10/13/2021,53,520,34,1,5376
10/20/2021,10/13/2021,54,630,40,4,2631
10/20/2021,10/13/2021,55,141,24,1,3054
10/20/2021,10/13/2021,56,213,28,2,4322
10/20/2021,10/13/2021,57,13,10,1,1485
10/20/2021,10/13/2021,58,740,21,5,4218
10/20/2021,10/13/2021,59,699,46,5,3070
10/20/2021,10/13/2021,60,296,3,2,5617
10/20/2021,10/13/2021,61,920,41,1,5478
10/20/2021,10/13/2021,62,804,6,1,3245
10/20/2021,10/13/2021,63,87,24,5,3988
10/20/2021,10/13/2021,64,981,42,5,2224
10/20/2021,10/13/2021,65,100,39,5,1432
10/20/2021,10/13/2021,66,482,34,2,5489
10/20/2021,10/13/2021,67,435,9,5,2011
10/20/2021,10/13/2021,68,304,11,2,2971
10/20/2021,10/13/2021,69,54,40,3,3340
10/20/2021,10/13/2021,70,8,11,3,2141
10/20/2021,10/13/2021,71,57,25,2,834
10/20/2021,10/13/2021,72,312,28,4,1739
10/20/2021,10/13/2021,73,168,17,5,3550
10/20/2021,10/13/2021,74,114,13,2,2164
10/20/2021,10/13/2021,75,377,35,1,476
10/20/2021,10/13/2021,76,983,38,2,607
10/20/2021,10/13/2021,77,277,16,3,5570
10/20/2021,10/13/2021,78,716,43,3,255
10/20/2021,10/13/2021,79,176,46,5,1435
10/20/2021,10/13/2021,80,773,48,3,330
10/20/2021,10/13/2021,81,718,21,3,633
10/20/2021,10/13/2021,82,755,26,1,1024
10/20/2021,10/13/2021,83,752,37,2,403
10/20/2021,10/13/2021,84,42,37,5,5235
10/20/2021,10/13/2021,85,357,16,4,2114
10/20/2021,10/13/2021,86,747,34,2,826
10/20/2021,10/13/2021,87,601,8,4,4618
10/20/2021,10/13/2021,88,782,47,4,1897
10/20/2021,10/13/2021,89,167,43,2,3456
10/20/2021,10/13/2021,90,485,40,1,5142
10/20/2021,10/14/2021,1,701,44,1,1193
10/20/2021,10/14/2021,2,902,47,3,557
10/20/2021,10/14/2021,3,63,46,1,3049
10/20/2021,10/14/2021,4,42,48,3,2343
10/20/2021,10/14/2021,5,271,50,2,5697
10/20/2021,10/14/2021,6,314,48,3,3470
10/20/2021,10/14/2021,7,504,11,2,3232
10/20/2021,10/14/2021,8,222,43,1,1766
10/20/2021,10/14/2021,9,919,37,1,4610
10/20/2021,10/14/2021,10,56,24,3,1678
10/20/2021,10/14/2021,11,817,49,3,535
10/20/2021,10/14/2021,12,988,3,5,3614
10/20/2021,10/14/2021,13,339,29,2,5212
10/20/2021,10/14/2021,14,850,50,5,3544
10/20/2021,10/14/2021,15,260,26,2,2371
10/20/2021,10/14/2021,16,59,35,1,595
10/20/2021,10/14/2021,17,25,23,2,5513
10/20/2021,10/14/2021,18,962,3,4,5050
10/20/2021,10/14/2021,19,903,47,4,1248
10/20/2021,10/14/2021,20,470,26,1,4519
10/20/2021,10/14/2021,21,331,33,1,1042
10/20/2021,10/14/2021,22,308,21,1,2084
10/20/2021,10/14/2021,23,531,43,3,666
10/20/2021,10/14/2021,24,75,7,2,5777
10/20/2021,10/14/2021,25,181,41,2,5930
10/20/2021,10/14/2021,26,237,30,1,3471
10/20/2021,10/14/2021,27,519,42,3,4640
10/20/2021,10/14/2021,28,890,35,2,674
10/20/2021,10/14/2021,29,444,36,4,5343
10/20/2021,10/14/2021,30,658,43,1,3473
10/20/2021,10/14/2021,31,144,42,3,4542
10/20/2021,10/14/2021,32,125,48,2,5452
10/20/2021,10/14/2021,33,316,45,1,5374
10/20/2021,10/14/2021,34,218,42,5,1128
10/20/2021,10/14/2021,35,407,38,2,1153
10/20/2021,10/14/2021,36,349,15,4,2680
10/20/2021,10/14/2021,37,796,40,1,5108
10/20/2021,10/14/2021,38,445,5,3,4666
10/20/2021,10/14/2021,39,526,9,5,3322
10/20/2021,10/14/2021,40,441,41,1,524
10/20/2021,10/14/2021,41,242,13,2,2315
10/20/2021,10/14/2021,42,492,44,2,2940
10/20/2021,10/14/2021,43,835,41,2,1421
10/20/2021,10/14/2021,44,53,49,2,1789
10/20/2021,10/14/2021,45,9,17,2,5438
10/20/2021,10/14/2021,46,171,30,2,5984
10/20/2021,10/14/2021,47,863,7,2,5192
10/20/2021,10/14/2021,48,699,37,1,1144
10/20/2021,10/14/2021,49,820,36,4,2989
10/20/2021,10/14/2021,50,71,7,2,5574
10/20/2021,10/14/2021,51,621,40,1,2286
10/20/2021,10/14/2021,52,561,49,4,5332
10/20/2021,10/14/2021,53,447,37,3,110
10/20/2021,10/14/2021,54,255,31,1,78
10/20/2021,10/14/2021,55,691,47,1,4395
10/20/2021,10/14/2021,56,607,30,2,1451
10/20/2021,10/14/2021,57,625,33,3,3730
10/20/2021,10/14/2021,58,1,32,1,5462
10/20/2021,10/14/2021,59,626,16,5,3647
10/20/2021,10/14/2021,60,330,35,1,4959
10/20/2021,10/14/2021,61,827,21,2,179
10/20/2021,10/14/2021,62,509,39,1,3026
10/20/2021,10/14/2021,63,939,44,4,2226
10/20/2021,10/14/2021,64,890,23,1,841
10/20/2021,10/14/2021,65,724,43,1,1473
10/20/2021,10/14/2021,66,691,38,3,2959
10/20/2021,10/14/2021,67,737,2,5,1795
10/20/2021,10/14/2021,68,139,15,5,1744
10/20/2021,10/14/2021,69,782,37,2,4276
10/20/2021,10/14/2021,70,833,44,1,957
10/20/2021,10/14/2021,71,245,45,2,2121
10/20/2021,10/14/2021,72,985,50,4,2798
10/20/2021,10/14/2021,73,175,44,3,3113
10/20/2021,10/14/2021,74,902,4,3,5745
10/20/2021,10/14/2021,75,79,34,1,2820
10/20/2021,10/14/2021,76,89,42,3,1593
10/20/2021,10/14/2021,77,23,12,3,3052
10/20/2021,10/14/2021,78,460,49,3,2402
10/20/2021,10/14/2021,79,349,38,1,2790
10/20/2021,10/14/2021,80,920,45,3,619
10/20/2021,10/14/2021,81,573,13,4,5374
10/20/2021,10/14/2021,82,785,50,2,2886
10/20/2021,10/14/2021,83,195,9,2,2878
10/20/2021,10/14/2021,84,381,26,1,3783
10/20/2021,10/14/2021,85,493,25,1,2478
10/20/2021,10/14/2021,86,819,40,1,3354
10/20/2021,10/14/2021,87,511,8,2,1895
10/20/2021,10/14/2021,88,890,23,5,3130
10/20/2021,10/14/2021,89,613,41,4,4826
10/20/2021,10/14/2021,90,650,50,5,1281
10/20/2021,10/15/2021,1,156,46,5,3671
10/20/2021,10/15/2021,2,711,33,1,2012
10/20/2021,10/15/2021,3,438,44,3,48
10/20/2021,10/15/2021,4,511,30,1,3343
10/20/2021,10/15/2021,5,79,28,2,4056
10/20/2021,10/15/2021,6,489,42,4,486
10/20/2021,10/15/2021,7,917,14,4,832
10/20/2021,10/15/2021,8,99,46,1,4126
10/20/2021,10/15/2021,9,68,45,2,2434
10/20/2021,10/15/2021,10,969,45,3,1719
10/20/2021,10/15/2021,11,137,42,2,3500
10/20/2021,10/15/2021,12,343,42,2,5070
10/20/2021,10/15/2021,13,912,21,1,728
10/20/2021,10/15/2021,14,796,36,4,3959
10/20/2021,10/15/2021,15,421,36,1,2103
10/20/2021,10/15/2021,16,920,42,3,2046
10/20/2021,10/15/2021,17,360,16,2,1234
10/20/2021,10/15/2021,18,729,3,2,291
10/20/2021,10/15/2021,19,271,50,3,1363
10/20/2021,10/15/2021,20,912,29,2,969
10/20/2021,10/15/2021,21,741,22,2,3452
10/20/2021,10/15/2021,22,332,19,3,1556
10/20/2021,10/15/2021,23,585,40,4,2327
10/20/2021,10/15/2021,24,965,49,1,3758
10/20/2021,10/15/2021,25,82,30,3,2334
10/20/2021,10/15/2021,26,218,29,3,3197
10/20/2021,10/15/2021,27,803,14,2,3618
10/20/2021,10/15/2021,28,38,43,4,3388
10/20/2021,10/15/2021,29,517,42,2,2613
10/20/2021,10/15/2021,30,462,43,1,419
10/20/2021,10/15/2021,31,649,47,4,2595
10/20/2021,10/15/2021,32,662,35,1,1606
10/20/2021,10/15/2021,33,78,39,1,982
10/20/2021,10/15/2021,34,4,25,2,1412
10/20/2021,10/15/2021,35,220,10,4,4646
10/20/2021,10/15/2021,36,9,33,2,2944
10/20/2021,10/15/2021,37,333,50,1,5501
10/20/2021,10/15/2021,38,94,5,1,4538
10/20/2021,10/15/2021,39,643,19,3,1496
10/20/2021,10/15/2021,40,937,37,1,5393
10/20/2021,10/15/2021,41,78,3,2,5717
10/20/2021,10/15/2021,42,578,39,1,2738
10/20/2021,10/15/2021,43,170,49,2,2230
10/20/2021,10/15/2021,44,88,34,2,514
10/20/2021,10/15/2021,45,257,38,5,4540
10/20/2021,10/15/2021,46,303,49,2,5490
10/20/2021,10/15/2021,47,881,40,5,1728
10/20/2021,10/15/2021,48,567,39,1,5408
10/20/2021,10/15/2021,49,607,38,5,390
10/20/2021,10/15/2021,50,550,9,3,419
10/20/2021,10/15/2021,51,335,42,2,807
10/20/2021,10/15/2021,52,72,46,1,1610
10/20/2021,10/15/2021,53,292,31,1,2748
10/20/2021,10/15/2021,54,278,50,4,4883
10/20/2021,10/15/2021,55,165,4,4,397
10/20/2021,10/15/2021,56,804,28,3,920
10/20/2021,10/15/2021,57,603,35,3,3761
10/20/2021,10/15/2021,58,914,41,4,1677
10/20/2021,10/15/2021,59,305,14,5,3685
10/20/2021,10/15/2021,60,408,40,1,5546
10/20/2021,10/15/2021,61,903,39,5,4353
10/20/2021,10/15/2021,62,109,47,2,4496
10/20/2021,10/15/2021,63,261,32,1,5790
10/20/2021,10/15/2021,64,215,17,2,2490
10/20/2021,10/15/2021,65,945,43,1,3316
10/20/2021,10/15/2021,66,977,41,2,5682
10/20/2021,10/15/2021,67,868,9,5,4865
10/20/2021,10/15/2021,68,818,8,4,4517
10/20/2021,10/15/2021,69,983,33,4,1556
10/20/2021,10/15/2021,70,7,5,2,4426
10/20/2021,10/15/2021,71,746,10,1,2947
10/20/2021,10/15/2021,72,999,37,5,212
10/20/2021,10/15/2021,73,348,10,1,974
10/20/2021,10/15/2021,74,52,44,1,218
10/20/2021,10/15/2021,75,720,44,3,5007
10/20/2021,10/15/2021,76,402,41,3,428
10/20/2021,10/15/2021,77,398,7,3,1811
10/20/2021,10/15/2021,78,69,29,5,4274
10/20/2021,10/15/2021,79,856,45,4,842
10/20/2021,10/15/2021,80,115,24,4,5846
10/20/2021,10/15/2021,81,511,27,5,2004
10/20/2021,10/15/2021,82,294,23,1,276
10/20/2021,10/15/2021,83,805,44,5,4392
10/20/2021,10/15/2021,84,920,38,3,4176
10/20/2021,10/15/2021,85,457,28,3,1868
10/20/2021,10/15/2021,86,359,49,1,5972
10/20/2021,10/15/2021,87,509,7,3,3252
10/20/2021,10/15/2021,88,694,46,2,2297
10/20/2021,10/15/2021,89,165,17,5,193
10/20/2021,10/15/2021,90,718,50,3,6000
