RunDate,PeriodEndDate,FeatureLag,EquityDays,EquityDaysPositive,EquityDaysNegative,StrategyDaysInEquity,StrategyDaysInCash,StrategyCapturePositive,StrategyCaptureNegative,EquityDays>=1%,EquityDays<=-1%,StrategyCaptureExtremePositive,StrategyCaptureExtremeNegative
10/22/2021,10/1/2021,1,704,406,298,405,299,244,137,162,78,65,45
10/22/2021,10/1/2021,2,704,406,298,415,289,232,115,174,78,61,44
10/22/2021,10/1/2021,3,704,406,298,438,266,246,106,160,78,70,56
10/22/2021,10/1/2021,4,704,406,298,433,271,257,122,149,78,74,49
10/22/2021,10/1/2021,5,704,406,298,438,266,244,104,162,78,64,51
10/22/2021,10/1/2021,6,704,406,298,456,248,252,94,154,78,65,48
10/22/2021,10/1/2021,7,704,406,298,411,293,232,119,174,78,66,47
10/22/2021,10/1/2021,8,704,406,298,448,256,259,109,147,78,69,46
10/22/2021,10/1/2021,9,704,406,298,418,286,231,111,175,78,60,46
10/22/2021,10/1/2021,10,704,406,298,409,295,235,124,171,78,63,45
10/22/2021,10/1/2021,11,704,406,298,406,298,236,128,170,78,65,45
10/22/2021,10/1/2021,12,704,406,298,438,266,260,120,146,78,65,44
10/22/2021,10/1/2021,13,704,406,298,455,249,263,106,143,78,78,51
10/22/2021,10/1/2021,14,704,406,298,417,287,236,117,170,78,67,45
10/22/2021,10/1/2021,15,704,406,298,470,234,271,99,135,78,77,54
10/22/2021,10/1/2021,16,704,406,298,439,265,262,121,144,78,70,49
10/22/2021,10/1/2021,17,704,406,298,395,309,232,135,174,78,67,46
10/22/2021,10/1/2021,18,704,406,298,412,292,232,118,174,78,55,47
10/22/2021,10/1/2021,19,704,406,298,425,279,247,120,159,78,60,50
10/22/2021,10/1/2021,20,704,406,298,441,263,255,112,151,78,65,48
10/22/2021,10/1/2021,21,704,406,298,441,263,260,117,146,78,75,51
10/22/2021,10/1/2021,22,704,406,298,436,268,257,119,149,78,70,50
10/22/2021,10/1/2021,23,704,406,298,427,277,250,121,156,78,73,51
10/22/2021,10/1/2021,24,704,406,298,427,277,241,112,165,78,70,51
10/22/2021,10/1/2021,25,704,406,298,436,268,256,118,150,78,70,48
10/22/2021,10/1/2021,26,704,406,298,405,299,232,125,174,78,71,52
10/22/2021,10/1/2021,27,704,406,298,461,243,270,107,136,78,68,39
10/22/2021,10/1/2021,28,704,406,298,423,281,241,116,165,78,64,45
10/22/2021,10/1/2021,29,704,406,298,414,290,232,116,174,78,65,46
10/22/2021,10/1/2021,30,704,406,298,440,264,264,122,142,78,70,47
10/22/2021,10/1/2021,31,704,406,298,407,297,231,122,175,78,63,38
10/22/2021,10/1/2021,32,704,406,298,444,260,254,108,152,78,68,44
10/22/2021,10/1/2021,33,704,406,298,443,261,258,113,148,78,69,41
10/22/2021,10/1/2021,34,704,406,298,466,238,263,95,143,78,69,54
10/22/2021,10/1/2021,35,704,406,298,436,268,237,99,169,78,65,50
10/22/2021,10/1/2021,36,704,406,298,398,306,232,132,174,78,66,36
10/22/2021,10/1/2021,37,704,406,298,392,312,220,126,186,78,59,44
10/22/2021,10/1/2021,38,704,406,298,401,303,244,141,162,78,63,41
10/22/2021,10/1/2021,39,704,406,298,451,253,261,108,145,78,71,48
10/22/2021,10/1/2021,40,704,406,298,464,240,257,91,149,78,67,55
10/22/2021,10/1/2021,41,704,406,298,443,261,259,114,147,78,77,45
10/22/2021,10/1/2021,42,704,406,298,407,297,232,123,174,78,64,45
10/22/2021,10/1/2021,43,704,406,298,390,314,224,132,182,78,63,40
10/22/2021,10/1/2021,44,704,406,298,419,285,245,124,161,78,74,49
10/22/2021,10/1/2021,45,704,406,298,444,260,260,114,146,78,74,49
10/22/2021,10/1/2021,46,704,406,298,436,268,254,116,152,78,79,50
10/22/2021,10/1/2021,47,704,406,298,413,291,239,124,167,78,70,44
10/22/2021,10/1/2021,48,704,406,298,434,270,256,120,150,78,75,53
10/22/2021,10/1/2021,49,704,406,298,423,281,245,120,161,78,63,46
10/22/2021,10/1/2021,50,704,406,298,442,262,257,113,149,78,76,49
10/22/2021,10/1/2021,51,704,406,298,445,259,248,101,158,78,73,52
10/22/2021,10/1/2021,52,704,406,298,410,294,223,111,183,78,64,49
10/22/2021,10/1/2021,53,704,406,298,439,265,249,108,157,78,66,51
10/22/2021,10/1/2021,54,704,406,298,424,280,244,118,162,78,71,47
10/22/2021,10/1/2021,55,704,406,298,420,284,229,107,177,78,59,52
10/22/2021,10/1/2021,56,704,406,298,381,323,215,132,191,78,55,40
10/22/2021,10/1/2021,57,704,406,298,448,256,268,118,138,78,72,47
10/22/2021,10/1/2021,58,704,406,298,435,269,241,104,165,78,64,50
10/22/2021,10/1/2021,59,704,406,298,423,281,237,112,169,78,63,54
10/22/2021,10/1/2021,60,704,406,298,432,272,250,116,156,78,70,49
10/22/2021,10/1/2021,61,704,406,298,425,279,245,118,161,78,63,46
10/22/2021,10/1/2021,62,704,406,298,427,277,233,104,173,78,65,50
10/22/2021,10/1/2021,63,704,406,298,416,288,244,126,162,78,74,47
10/22/2021,10/1/2021,64,704,406,298,405,299,234,127,172,78,74,46
10/22/2021,10/1/2021,65,704,406,298,458,246,277,117,129,78,77,49
10/22/2021,10/1/2021,66,704,406,298,420,284,242,120,164,78,67,40
10/22/2021,10/1/2021,67,704,406,298,428,276,249,119,157,78,63,44
10/22/2021,10/1/2021,68,704,406,298,434,270,251,115,155,78,72,48
10/22/2021,10/1/2021,69,704,406,298,445,259,245,98,161,78,64,52
10/22/2021,10/1/2021,70,704,406,298,432,272,257,123,149,78,74,39
10/22/2021,10/1/2021,71,704,406,298,395,309,240,143,166,78,66,42
10/22/2021,10/1/2021,72,704,406,298,414,290,238,122,168,78,67,40
10/22/2021,10/1/2021,73,704,406,298,414,290,237,121,169,78,66,48
10/22/2021,10/1/2021,74,704,406,298,412,292,230,116,176,78,65,46
10/22/2021,10/1/2021,75,704,406,298,416,288,232,114,174,78,62,49
10/22/2021,10/1/2021,76,704,406,298,444,260,251,105,155,78,67,55
10/22/2021,10/1/2021,77,704,406,298,403,301,240,135,166,78,66,41
10/22/2021,10/1/2021,78,704,406,298,419,285,248,127,158,78,70,43
10/22/2021,10/1/2021,79,704,406,298,362,342,216,152,190,78,53,44
10/22/2021,10/1/2021,80,704,406,298,427,277,249,120,157,78,76,44
10/22/2021,10/1/2021,81,704,406,298,432,272,247,113,159,78,69,53
10/22/2021,10/1/2021,82,704,406,298,471,233,277,104,129,78,77,53
10/22/2021,10/1/2021,83,704,406,298,426,278,243,115,163,78,71,49
10/22/2021,10/1/2021,84,704,406,298,424,280,232,106,174,78,64,51
10/22/2021,10/1/2021,85,704,406,298,414,290,227,111,179,78,66,52
10/22/2021,10/1/2021,86,704,406,298,441,263,259,116,147,78,75,46
10/22/2021,10/1/2021,87,704,406,298,422,282,252,128,154,78,72,46
10/22/2021,10/1/2021,88,704,406,298,416,288,246,128,160,78,69,47
10/22/2021,10/1/2021,89,704,406,298,462,242,261,97,145,78,75,54
10/22/2021,10/1/2021,90,704,406,298,473,231,276,101,130,78,76,47
10/22/2021,10/4/2021,1,705,406,299,406,299,244,137,162,79,65,46
10/22/2021,10/4/2021,2,705,406,299,415,290,232,116,174,79,61,44
10/22/2021,10/4/2021,3,705,406,299,439,266,246,106,160,79,70,57
10/22/2021,10/4/2021,4,705,406,299,433,272,257,123,149,79,74,49
10/22/2021,10/4/2021,5,705,406,299,439,266,244,104,162,79,64,52
10/22/2021,10/4/2021,6,705,406,299,456,249,252,95,154,79,65,48
10/22/2021,10/4/2021,7,705,406,299,411,294,232,120,174,79,66,47
10/22/2021,10/4/2021,8,705,406,299,449,256,259,109,147,79,69,47
10/22/2021,10/4/2021,9,705,406,299,419,286,231,111,175,79,60,47
10/22/2021,10/4/2021,10,705,406,299,410,295,235,124,171,79,63,46
10/22/2021,10/4/2021,11,705,406,299,406,299,236,129,170,79,65,45
10/22/2021,10/4/2021,12,705,406,299,439,266,260,120,146,79,65,45
10/22/2021,10/4/2021,13,705,406,299,456,249,263,106,143,79,78,52
10/22/2021,10/4/2021,14,705,406,299,417,288,236,118,170,79,67,45
10/22/2021,10/4/2021,15,705,406,299,470,235,271,100,135,79,77,54
10/22/2021,10/4/2021,16,705,406,299,440,265,262,121,144,79,70,50
10/22/2021,10/4/2021,17,705,406,299,395,310,232,136,174,79,67,46
10/22/2021,10/4/2021,18,705,406,299,413,292,232,118,174,79,55,48
10/22/2021,10/4/2021,19,705,406,299,426,279,247,120,159,79,60,51
10/22/2021,10/4/2021,20,705,406,299,442,263,255,112,151,79,65,49
10/22/2021,10/4/2021,21,705,406,299,441,264,260,118,146,79,75,51
10/22/2021,10/4/2021,22,705,406,299,436,269,257,120,149,79,70,50
10/22/2021,10/4/2021,23,705,406,299,427,278,250,122,156,79,73,51
10/22/2021,10/4/2021,24,705,406,299,428,277,241,112,165,79,70,52
10/22/2021,10/4/2021,25,705,406,299,436,269,256,119,150,79,70,48
10/22/2021,10/4/2021,26,705,406,299,405,300,232,126,174,79,71,52
10/22/2021,10/4/2021,27,705,406,299,461,244,270,108,136,79,68,39
10/22/2021,10/4/2021,28,705,406,299,423,282,241,117,165,79,64,45
10/22/2021,10/4/2021,29,705,406,299,414,291,232,117,174,79,65,46
10/22/2021,10/4/2021,30,705,406,299,440,265,264,123,142,79,70,47
10/22/2021,10/4/2021,31,705,406,299,407,298,231,123,175,79,63,38
10/22/2021,10/4/2021,32,705,406,299,445,260,254,108,152,79,68,45
10/22/2021,10/4/2021,33,705,406,299,444,261,258,113,148,79,69,42
10/22/2021,10/4/2021,34,705,406,299,467,238,263,95,143,79,69,55
10/22/2021,10/4/2021,35,705,406,299,437,268,237,99,169,79,65,51
10/22/2021,10/4/2021,36,705,406,299,399,306,232,132,174,79,66,37
10/22/2021,10/4/2021,37,705,406,299,392,313,220,127,186,79,59,44
10/22/2021,10/4/2021,38,705,406,299,401,304,244,142,162,79,63,41
10/22/2021,10/4/2021,39,705,406,299,452,253,261,108,145,79,71,49
10/22/2021,10/4/2021,40,705,406,299,464,241,257,92,149,79,67,55
10/22/2021,10/4/2021,41,705,406,299,444,261,259,114,147,79,77,46
10/22/2021,10/4/2021,42,705,406,299,407,298,232,124,174,79,64,45
10/22/2021,10/4/2021,43,705,406,299,391,314,224,132,182,79,63,41
10/22/2021,10/4/2021,44,705,406,299,419,286,245,125,161,79,74,49
10/22/2021,10/4/2021,45,705,406,299,445,260,260,114,146,79,74,50
10/22/2021,10/4/2021,46,705,406,299,436,269,254,117,152,79,79,50
10/22/2021,10/4/2021,47,705,406,299,414,291,239,124,167,79,70,45
10/22/2021,10/4/2021,48,705,406,299,435,270,256,120,150,79,75,54
10/22/2021,10/4/2021,49,705,406,299,423,282,245,121,161,79,63,46
10/22/2021,10/4/2021,50,705,406,299,443,262,257,113,149,79,76,50
10/22/2021,10/4/2021,51,705,406,299,445,260,248,102,158,79,73,52
10/22/2021,10/4/2021,52,705,406,299,410,295,223,112,183,79,64,49
10/22/2021,10/4/2021,53,705,406,299,439,266,249,109,157,79,66,51
10/22/2021,10/4/2021,54,705,406,299,424,281,244,119,162,79,71,47
10/22/2021,10/4/2021,55,705,406,299,420,285,229,108,177,79,59,52
10/22/2021,10/4/2021,56,705,406,299,382,323,215,132,191,79,55,41
10/22/2021,10/4/2021,57,705,406,299,448,257,268,119,138,79,72,47
10/22/2021,10/4/2021,58,705,406,299,436,269,241,104,165,79,64,51
10/22/2021,10/4/2021,59,705,406,299,424,281,237,112,169,79,63,55
10/22/2021,10/4/2021,60,705,406,299,432,273,250,117,156,79,70,49
10/22/2021,10/4/2021,61,705,406,299,425,280,245,119,161,79,63,46
10/22/2021,10/4/2021,62,705,406,299,428,277,233,104,173,79,65,51
10/22/2021,10/4/2021,63,705,406,299,416,289,244,127,162,79,74,47
10/22/2021,10/4/2021,64,705,406,299,405,300,234,128,172,79,74,46
10/22/2021,10/4/2021,65,705,406,299,459,246,277,117,129,79,77,50
10/22/2021,10/4/2021,66,705,406,299,420,285,242,121,164,79,67,40
10/22/2021,10/4/2021,67,705,406,299,429,276,249,119,157,79,63,45
10/22/2021,10/4/2021,68,705,406,299,434,271,251,116,155,79,72,48
10/22/2021,10/4/2021,69,705,406,299,446,259,245,98,161,79,64,53
10/22/2021,10/4/2021,70,705,406,299,433,272,257,123,149,79,74,40
10/22/2021,10/4/2021,71,705,406,299,396,309,240,143,166,79,66,43
10/22/2021,10/4/2021,72,705,406,299,414,291,238,123,168,79,67,40
10/22/2021,10/4/2021,73,705,406,299,415,290,237,121,169,79,66,49
10/22/2021,10/4/2021,74,705,406,299,413,292,230,116,176,79,65,47
10/22/2021,10/4/2021,75,705,406,299,416,289,232,115,174,79,62,49
10/22/2021,10/4/2021,76,705,406,299,444,261,251,106,155,79,67,55
10/22/2021,10/4/2021,77,705,406,299,404,301,240,135,166,79,66,42
10/22/2021,10/4/2021,78,705,406,299,419,286,248,128,158,79,70,43
10/22/2021,10/4/2021,79,705,406,299,362,343,216,153,190,79,53,44
10/22/2021,10/4/2021,80,705,406,299,427,278,249,121,157,79,76,44
10/22/2021,10/4/2021,81,705,406,299,432,273,247,114,159,79,69,53
10/22/2021,10/4/2021,82,705,406,299,471,234,277,105,129,79,77,53
10/22/2021,10/4/2021,83,705,406,299,426,279,243,116,163,79,71,49
10/22/2021,10/4/2021,84,705,406,299,424,281,232,107,174,79,64,51
10/22/2021,10/4/2021,85,705,406,299,414,291,227,112,179,79,66,52
10/22/2021,10/4/2021,86,705,406,299,442,263,259,116,147,79,75,47
10/22/2021,10/4/2021,87,705,406,299,422,283,252,129,154,79,72,46
10/22/2021,10/4/2021,88,705,406,299,417,288,246,128,160,79,69,48
10/22/2021,10/4/2021,89,705,406,299,462,243,261,98,145,79,75,54
10/22/2021,10/4/2021,90,705,406,299,474,231,276,101,130,79,76,48
10/22/2021,10/5/2021,1,706,407,299,406,300,244,137,163,79,65,46
10/22/2021,10/5/2021,2,706,407,299,416,290,233,116,174,79,62,44
10/22/2021,10/5/2021,3,706,407,299,440,266,247,106,160,79,71,57
10/22/2021,10/5/2021,4,706,407,299,434,272,258,123,149,79,75,49
10/22/2021,10/5/2021,5,706,407,299,440,266,245,104,162,79,65,52
10/22/2021,10/5/2021,6,706,407,299,456,250,252,95,155,79,65,48
10/22/2021,10/5/2021,7,706,407,299,411,295,232,120,175,79,66,47
10/22/2021,10/5/2021,8,706,407,299,450,256,260,109,147,79,70,47
10/22/2021,10/5/2021,9,706,407,299,420,286,232,111,175,79,61,47
10/22/2021,10/5/2021,10,706,407,299,410,296,235,124,172,79,63,46
10/22/2021,10/5/2021,11,706,407,299,406,300,236,129,171,79,65,45
10/22/2021,10/5/2021,12,706,407,299,439,267,260,120,147,79,65,45
10/22/2021,10/5/2021,13,706,407,299,456,250,263,106,144,79,78,52
10/22/2021,10/5/2021,14,706,407,299,417,289,236,118,171,79,67,45
10/22/2021,10/5/2021,15,706,407,299,471,235,272,100,135,79,78,54
10/22/2021,10/5/2021,16,706,407,299,441,265,263,121,144,79,71,50
10/22/2021,10/5/2021,17,706,407,299,395,311,232,136,175,79,67,46
10/22/2021,10/5/2021,18,706,407,299,413,293,232,118,175,79,55,48
10/22/2021,10/5/2021,19,706,407,299,426,280,247,120,160,79,60,51
10/22/2021,10/5/2021,20,706,407,299,443,263,256,112,151,79,66,49
10/22/2021,10/5/2021,21,706,407,299,442,264,261,118,146,79,76,51
10/22/2021,10/5/2021,22,706,407,299,437,269,258,120,149,79,71,50
10/22/2021,10/5/2021,23,706,407,299,427,279,250,122,157,79,73,51
10/22/2021,10/5/2021,24,706,407,299,428,278,241,112,166,79,70,52
10/22/2021,10/5/2021,25,706,407,299,437,269,257,119,150,79,71,48
10/22/2021,10/5/2021,26,706,407,299,406,300,233,126,174,79,72,52
10/22/2021,10/5/2021,27,706,407,299,462,244,271,108,136,79,69,39
10/22/2021,10/5/2021,28,706,407,299,424,282,242,117,165,79,65,45
10/22/2021,10/5/2021,29,706,407,299,415,291,233,117,174,79,66,46
10/22/2021,10/5/2021,30,706,407,299,440,266,264,123,143,79,70,47
10/22/2021,10/5/2021,31,706,407,299,408,298,232,123,175,79,64,38
10/22/2021,10/5/2021,32,706,407,299,446,260,255,108,152,79,69,45
10/22/2021,10/5/2021,33,706,407,299,445,261,259,113,148,79,70,42
10/22/2021,10/5/2021,34,706,407,299,468,238,264,95,143,79,70,55
10/22/2021,10/5/2021,35,706,407,299,438,268,238,99,169,79,66,51
10/22/2021,10/5/2021,36,706,407,299,400,306,233,132,174,79,67,37
10/22/2021,10/5/2021,37,706,407,299,392,314,220,127,187,79,59,44
10/22/2021,10/5/2021,38,706,407,299,402,304,245,142,162,79,64,41
10/22/2021,10/5/2021,39,706,407,299,453,253,262,108,145,79,72,49
10/22/2021,10/5/2021,40,706,407,299,464,242,257,92,150,79,67,55
10/22/2021,10/5/2021,41,706,407,299,445,261,260,114,147,79,78,46
10/22/2021,10/5/2021,42,706,407,299,408,298,233,124,174,79,65,45
10/22/2021,10/5/2021,43,706,407,299,392,314,225,132,182,79,64,41
10/22/2021,10/5/2021,44,706,407,299,419,287,245,125,162,79,74,49
10/22/2021,10/5/2021,45,706,407,299,446,260,261,114,146,79,75,50
10/22/2021,10/5/2021,46,706,407,299,436,270,254,117,153,79,79,50
10/22/2021,10/5/2021,47,706,407,299,415,291,240,124,167,79,71,45
10/22/2021,10/5/2021,48,706,407,299,435,271,256,120,151,79,75,54
10/22/2021,10/5/2021,49,706,407,299,423,283,245,121,162,79,63,46
10/22/2021,10/5/2021,50,706,407,299,443,263,257,113,150,79,76,50
10/22/2021,10/5/2021,51,706,407,299,446,260,249,102,158,79,74,52
10/22/2021,10/5/2021,52,706,407,299,411,295,224,112,183,79,65,49
10/22/2021,10/5/2021,53,706,407,299,440,266,250,109,157,79,67,51
10/22/2021,10/5/2021,54,706,407,299,425,281,245,119,162,79,72,47
10/22/2021,10/5/2021,55,706,407,299,421,285,230,108,177,79,60,52
10/22/2021,10/5/2021,56,706,407,299,383,323,216,132,191,79,56,41
10/22/2021,10/5/2021,57,706,407,299,449,257,269,119,138,79,73,47
10/22/2021,10/5/2021,58,706,407,299,437,269,242,104,165,79,65,51
10/22/2021,10/5/2021,59,706,407,299,424,282,237,112,170,79,63,55
10/22/2021,10/5/2021,60,706,407,299,432,274,250,117,157,79,70,49
10/22/2021,10/5/2021,61,706,407,299,425,281,245,119,162,79,63,46
10/22/2021,10/5/2021,62,706,407,299,429,277,234,104,173,79,66,51
10/22/2021,10/5/2021,63,706,407,299,416,290,244,127,163,79,74,47
10/22/2021,10/5/2021,64,706,407,299,406,300,235,128,172,79,75,46
10/22/2021,10/5/2021,65,706,407,299,460,246,278,117,129,79,78,50
10/22/2021,10/5/2021,66,706,407,299,421,285,243,121,164,79,68,40
10/22/2021,10/5/2021,67,706,407,299,429,277,249,119,158,79,63,45
10/22/2021,10/5/2021,68,706,407,299,434,272,251,116,156,79,72,48
10/22/2021,10/5/2021,69,706,407,299,447,259,246,98,161,79,65,53
10/22/2021,10/5/2021,70,706,407,299,433,273,257,123,150,79,74,40
10/22/2021,10/5/2021,71,706,407,299,397,309,241,143,166,79,67,43
10/22/2021,10/5/2021,72,706,407,299,415,291,239,123,168,79,68,40
10/22/2021,10/5/2021,73,706,407,299,415,291,237,121,170,79,66,49
10/22/2021,10/5/2021,74,706,407,299,413,293,230,116,177,79,65,47
10/22/2021,10/5/2021,75,706,407,299,417,289,233,115,174,79,63,49
10/22/2021,10/5/2021,76,706,407,299,445,261,252,106,155,79,68,55
10/22/2021,10/5/2021,77,706,407,299,405,301,241,135,166,79,67,42
10/22/2021,10/5/2021,78,706,407,299,420,286,249,128,158,79,71,43
10/22/2021,10/5/2021,79,706,407,299,362,344,216,153,191,79,53,44
10/22/2021,10/5/2021,80,706,407,299,428,278,250,121,157,79,77,44
10/22/2021,10/5/2021,81,706,407,299,433,273,248,114,159,79,70,53
10/22/2021,10/5/2021,82,706,407,299,472,234,278,105,129,79,78,53
10/22/2021,10/5/2021,83,706,407,299,427,279,244,116,163,79,72,49
10/22/2021,10/5/2021,84,706,407,299,425,281,233,107,174,79,65,51
10/22/2021,10/5/2021,85,706,407,299,415,291,228,112,179,79,67,52
10/22/2021,10/5/2021,86,706,407,299,443,263,260,116,147,79,76,47
10/22/2021,10/5/2021,87,706,407,299,423,283,253,129,154,79,73,46
10/22/2021,10/5/2021,88,706,407,299,418,288,247,128,160,79,70,48
10/22/2021,10/5/2021,89,706,407,299,463,243,262,98,145,79,76,54
10/22/2021,10/5/2021,90,706,407,299,475,231,277,101,130,79,77,48
10/21/2021,10/6/2021,1,707,408,299,399,308,235,135,173,79,65,47
10/21/2021,10/6/2021,2,707,408,299,426,281,241,114,167,79,65,48
10/21/2021,10/6/2021,3,707,408,299,433,274,243,109,165,79,73,57
10/21/2021,10/6/2021,4,707,408,299,437,270,260,122,148,79,79,48
10/21/2021,10/6/2021,5,707,408,299,447,260,252,104,156,79,67,52
10/21/2021,10/6/2021,6,707,408,299,447,260,250,102,158,79,64,44
10/21/2021,10/6/2021,7,707,408,299,404,303,227,122,181,79,66,49
10/21/2021,10/6/2021,8,707,408,299,443,264,256,112,152,79,68,44
10/21/2021,10/6/2021,9,707,408,299,422,285,236,113,172,79,59,49
10/21/2021,10/6/2021,10,707,408,299,417,290,244,126,164,79,66,49
10/21/2021,10/6/2021,11,707,408,299,413,294,239,125,169,79,66,47
10/21/2021,10/6/2021,12,707,408,299,445,262,262,116,146,79,64,46
10/21/2021,10/6/2021,13,707,408,299,459,248,265,105,143,79,76,55
10/21/2021,10/6/2021,14,707,408,299,426,281,246,119,162,79,70,48
10/21/2021,10/6/2021,15,707,408,299,479,228,279,99,129,79,79,55
10/21/2021,10/6/2021,16,707,408,299,442,265,261,118,147,79,70,53
10/21/2021,10/6/2021,17,707,408,299,404,303,238,133,170,79,69,52
10/21/2021,10/6/2021,18,707,408,299,422,285,240,117,168,79,57,48
10/21/2021,10/6/2021,19,707,408,299,439,268,258,118,150,79,64,53
10/21/2021,10/6/2021,20,707,408,299,458,249,263,104,145,79,66,51
10/21/2021,10/6/2021,21,707,408,299,436,271,256,119,152,79,71,49
10/21/2021,10/6/2021,22,707,408,299,443,264,261,117,147,79,71,52
10/21/2021,10/6/2021,23,707,408,299,438,269,257,118,151,79,76,52
10/21/2021,10/6/2021,24,707,408,299,423,284,241,117,167,79,71,53
10/21/2021,10/6/2021,25,707,408,299,434,273,254,119,154,79,70,48
10/21/2021,10/6/2021,26,707,408,299,403,304,236,132,172,79,71,50
10/21/2021,10/6/2021,27,707,408,299,462,245,272,109,136,79,70,41
10/21/2021,10/6/2021,28,707,408,299,428,279,244,115,164,79,66,45
10/21/2021,10/6/2021,29,707,408,299,421,286,238,116,170,79,68,43
10/21/2021,10/6/2021,30,707,408,299,443,264,263,119,145,79,69,51
10/21/2021,10/6/2021,31,707,408,299,410,297,233,122,175,79,65,39
10/21/2021,10/6/2021,32,707,408,299,450,257,259,108,149,79,71,45
10/21/2021,10/6/2021,33,707,408,299,445,262,261,115,147,79,71,41
10/21/2021,10/6/2021,34,707,408,299,475,232,270,94,138,79,73,54
10/21/2021,10/6/2021,35,707,408,299,441,266,247,105,161,79,67,51
10/21/2021,10/6/2021,36,707,408,299,397,310,231,133,177,79,68,39
10/21/2021,10/6/2021,37,707,408,299,401,306,220,118,188,79,60,45
10/21/2021,10/6/2021,38,707,408,299,412,295,252,139,156,79,68,42
10/21/2021,10/6/2021,39,707,408,299,449,258,258,108,150,79,70,50
10/21/2021,10/6/2021,40,707,408,299,469,238,260,90,148,79,65,58
10/21/2021,10/6/2021,41,707,408,299,453,254,260,106,148,79,79,47
10/21/2021,10/6/2021,42,707,408,299,421,286,243,121,165,79,68,46
10/21/2021,10/6/2021,43,707,408,299,393,314,229,135,179,79,66,42
10/21/2021,10/6/2021,44,707,408,299,416,291,237,120,171,79,73,47
10/21/2021,10/6/2021,45,707,408,299,425,282,246,120,162,79,67,46
10/21/2021,10/6/2021,46,707,408,299,425,282,248,122,160,79,77,48
10/21/2021,10/6/2021,47,707,408,299,408,299,232,123,176,79,68,46
10/21/2021,10/6/2021,48,707,408,299,441,266,256,114,152,79,74,56
10/21/2021,10/6/2021,49,707,408,299,432,275,250,117,158,79,63,46
10/21/2021,10/6/2021,50,707,408,299,441,266,257,115,151,79,72,46
10/21/2021,10/6/2021,51,707,408,299,448,259,251,102,157,79,70,51
10/21/2021,10/6/2021,52,707,408,299,411,296,228,116,180,79,59,48
10/21/2021,10/6/2021,53,707,408,299,454,253,260,105,148,79,72,54
10/21/2021,10/6/2021,54,707,408,299,427,280,243,115,165,79,71,47
10/21/2021,10/6/2021,55,707,408,299,436,271,242,105,166,79,62,53
10/21/2021,10/6/2021,56,707,408,299,381,326,212,130,196,79,54,38
10/21/2021,10/6/2021,57,707,408,299,445,262,263,117,145,79,71,47
10/21/2021,10/6/2021,58,707,408,299,438,269,243,104,165,79,61,52
10/21/2021,10/6/2021,59,707,408,299,426,281,234,107,174,79,63,58
10/21/2021,10/6/2021,60,707,408,299,433,274,245,111,163,79,65,53
10/21/2021,10/6/2021,61,707,408,299,424,283,247,122,161,79,64,43
10/21/2021,10/6/2021,62,707,408,299,433,274,241,107,167,79,69,53
10/21/2021,10/6/2021,63,707,408,299,417,290,248,130,160,79,73,45
10/21/2021,10/6/2021,64,707,408,299,401,306,234,132,174,79,76,44
10/21/2021,10/6/2021,65,707,408,299,457,250,274,116,134,79,76,51
10/21/2021,10/6/2021,66,707,408,299,422,285,239,116,169,79,67,44
10/21/2021,10/6/2021,67,707,408,299,433,274,258,124,150,79,68,45
10/21/2021,10/6/2021,68,707,408,299,437,270,252,114,156,79,72,50
10/21/2021,10/6/2021,69,707,408,299,441,266,247,105,161,79,64,49
10/21/2021,10/6/2021,70,707,408,299,437,270,260,122,148,79,80,42
10/21/2021,10/6/2021,71,707,408,299,390,317,236,145,172,79,69,46
10/21/2021,10/6/2021,72,707,408,299,415,292,236,120,172,79,70,42
10/21/2021,10/6/2021,73,707,408,299,414,293,242,127,166,79,68,49
10/21/2021,10/6/2021,74,707,408,299,414,293,228,113,180,79,67,48
10/21/2021,10/6/2021,75,707,408,299,422,285,233,110,175,79,64,49
10/21/2021,10/6/2021,76,707,408,299,447,260,253,105,155,79,71,54
10/21/2021,10/6/2021,77,707,408,299,419,288,246,126,162,79,68,43
10/21/2021,10/6/2021,78,707,408,299,421,286,243,121,165,79,69,42
10/21/2021,10/6/2021,79,707,408,299,372,335,221,148,187,79,53,43
10/21/2021,10/6/2021,80,707,408,299,419,288,247,127,161,79,75,43
10/21/2021,10/6/2021,81,707,408,299,441,266,250,108,158,79,70,54
10/21/2021,10/6/2021,82,707,408,299,463,244,272,108,136,79,76,57
10/21/2021,10/6/2021,83,707,408,299,429,278,243,113,165,79,73,52
10/21/2021,10/6/2021,84,707,408,299,432,275,243,110,165,79,69,48
10/21/2021,10/6/2021,85,707,408,299,426,281,236,109,172,79,67,52
10/21/2021,10/6/2021,86,707,408,299,432,275,249,116,159,79,74,48
10/21/2021,10/6/2021,87,707,408,299,415,292,239,123,169,79,65,46
10/21/2021,10/6/2021,88,707,408,299,429,278,254,124,154,79,73,52
10/21/2021,10/6/2021,89,707,408,299,463,244,265,101,143,79,80,51
10/21/2021,10/6/2021,90,707,408,299,468,239,274,105,134,79,72,41
10/21/2021,10/7/2021,1,708,409,299,400,308,236,135,173,79,65,47
10/21/2021,10/7/2021,2,708,409,299,427,281,242,114,167,79,65,48
10/21/2021,10/7/2021,3,708,409,299,433,275,243,109,166,79,73,57
10/21/2021,10/7/2021,4,708,409,299,437,271,260,122,149,79,79,48
10/21/2021,10/7/2021,5,708,409,299,448,260,253,104,156,79,67,52
10/21/2021,10/7/2021,6,708,409,299,448,260,251,102,158,79,64,44
10/21/2021,10/7/2021,7,708,409,299,405,303,228,122,181,79,66,49
10/21/2021,10/7/2021,8,708,409,299,444,264,257,112,152,79,68,44
10/21/2021,10/7/2021,9,708,409,299,423,285,237,113,172,79,59,49
10/21/2021,10/7/2021,10,708,409,299,417,291,244,126,165,79,66,49
10/21/2021,10/7/2021,11,708,409,299,413,295,239,125,170,79,66,47
10/21/2021,10/7/2021,12,708,409,299,446,262,263,116,146,79,64,46
10/21/2021,10/7/2021,13,708,409,299,460,248,266,105,143,79,76,55
10/21/2021,10/7/2021,14,708,409,299,426,282,246,119,163,79,70,48
10/21/2021,10/7/2021,15,708,409,299,480,228,280,99,129,79,79,55
10/21/2021,10/7/2021,16,708,409,299,442,266,261,118,148,79,70,53
10/21/2021,10/7/2021,17,708,409,299,404,304,238,133,171,79,69,52
10/21/2021,10/7/2021,18,708,409,299,423,285,241,117,168,79,57,48
10/21/2021,10/7/2021,19,708,409,299,439,269,258,118,151,79,64,53
10/21/2021,10/7/2021,20,708,409,299,459,249,264,104,145,79,66,51
10/21/2021,10/7/2021,21,708,409,299,436,272,256,119,153,79,71,49
10/21/2021,10/7/2021,22,708,409,299,444,264,262,117,147,79,71,52
10/21/2021,10/7/2021,23,708,409,299,439,269,258,118,151,79,76,52
10/21/2021,10/7/2021,24,708,409,299,424,284,242,117,167,79,71,53
10/21/2021,10/7/2021,25,708,409,299,434,274,254,119,155,79,70,48
10/21/2021,10/7/2021,26,708,409,299,403,305,236,132,173,79,71,50
10/21/2021,10/7/2021,27,708,409,299,462,246,272,109,137,79,70,41
10/21/2021,10/7/2021,28,708,409,299,429,279,245,115,164,79,66,45
10/21/2021,10/7/2021,29,708,409,299,422,286,239,116,170,79,68,43
10/21/2021,10/7/2021,30,708,409,299,443,265,263,119,146,79,69,51
10/21/2021,10/7/2021,31,708,409,299,410,298,233,122,176,79,65,39
10/21/2021,10/7/2021,32,708,409,299,450,258,259,108,150,79,71,45
10/21/2021,10/7/2021,33,708,409,299,446,262,262,115,147,79,71,41
10/21/2021,10/7/2021,34,708,409,299,475,233,270,94,139,79,73,54
10/21/2021,10/7/2021,35,708,409,299,441,267,247,105,162,79,67,51
10/21/2021,10/7/2021,36,708,409,299,397,311,231,133,178,79,68,39
10/21/2021,10/7/2021,37,708,409,299,402,306,221,118,188,79,60,45
10/21/2021,10/7/2021,38,708,409,299,412,296,252,139,157,79,68,42
10/21/2021,10/7/2021,39,708,409,299,450,258,259,108,150,79,70,50
10/21/2021,10/7/2021,40,708,409,299,470,238,261,90,148,79,65,58
10/21/2021,10/7/2021,41,708,409,299,454,254,261,106,148,79,79,47
10/21/2021,10/7/2021,42,708,409,299,422,286,244,121,165,79,68,46
10/21/2021,10/7/2021,43,708,409,299,393,315,229,135,180,79,66,42
10/21/2021,10/7/2021,44,708,409,299,417,291,238,120,171,79,73,47
10/21/2021,10/7/2021,45,708,409,299,426,282,247,120,162,79,67,46
10/21/2021,10/7/2021,46,708,409,299,425,283,248,122,161,79,77,48
10/21/2021,10/7/2021,47,708,409,299,409,299,233,123,176,79,68,46
10/21/2021,10/7/2021,48,708,409,299,441,267,256,114,153,79,74,56
10/21/2021,10/7/2021,49,708,409,299,432,276,250,117,159,79,63,46
10/21/2021,10/7/2021,50,708,409,299,442,266,258,115,151,79,72,46
10/21/2021,10/7/2021,51,708,409,299,449,259,252,102,157,79,70,51
10/21/2021,10/7/2021,52,708,409,299,412,296,229,116,180,79,59,48
10/21/2021,10/7/2021,53,708,409,299,455,253,261,105,148,79,72,54
10/21/2021,10/7/2021,54,708,409,299,428,280,244,115,165,79,71,47
10/21/2021,10/7/2021,55,708,409,299,436,272,242,105,167,79,62,53
10/21/2021,10/7/2021,56,708,409,299,381,327,212,130,197,79,54,38
10/21/2021,10/7/2021,57,708,409,299,446,262,264,117,145,79,71,47
10/21/2021,10/7/2021,58,708,409,299,438,270,243,104,166,79,61,52
10/21/2021,10/7/2021,59,708,409,299,427,281,235,107,174,79,63,58
10/21/2021,10/7/2021,60,708,409,299,433,275,245,111,164,79,65,53
10/21/2021,10/7/2021,61,708,409,299,425,283,248,122,161,79,64,43
10/21/2021,10/7/2021,62,708,409,299,433,275,241,107,168,79,69,53
10/21/2021,10/7/2021,63,708,409,299,418,290,249,130,160,79,73,45
10/21/2021,10/7/2021,64,708,409,299,402,306,235,132,174,79,76,44
10/21/2021,10/7/2021,65,708,409,299,457,251,274,116,135,79,76,51
10/21/2021,10/7/2021,66,708,409,299,423,285,240,116,169,79,67,44
10/21/2021,10/7/2021,67,708,409,299,433,275,258,124,151,79,68,45
10/21/2021,10/7/2021,68,708,409,299,437,271,252,114,157,79,72,50
10/21/2021,10/7/2021,69,708,409,299,442,266,248,105,161,79,64,49
10/21/2021,10/7/2021,70,708,409,299,437,271,260,122,149,79,80,42
10/21/2021,10/7/2021,71,708,409,299,390,318,236,145,173,79,69,46
10/21/2021,10/7/2021,72,708,409,299,415,293,236,120,173,79,70,42
10/21/2021,10/7/2021,73,708,409,299,415,293,243,127,166,79,68,49
10/21/2021,10/7/2021,74,708,409,299,415,293,229,113,180,79,67,48
10/21/2021,10/7/2021,75,708,409,299,423,285,234,110,175,79,64,49
10/21/2021,10/7/2021,76,708,409,299,448,260,254,105,155,79,71,54
10/21/2021,10/7/2021,77,708,409,299,420,288,247,126,162,79,68,43
10/21/2021,10/7/2021,78,708,409,299,422,286,244,121,165,79,69,42
10/21/2021,10/7/2021,79,708,409,299,373,335,222,148,187,79,53,43
10/21/2021,10/7/2021,80,708,409,299,420,288,248,127,161,79,75,43
10/21/2021,10/7/2021,81,708,409,299,441,267,250,108,159,79,70,54
10/21/2021,10/7/2021,82,708,409,299,464,244,273,108,136,79,76,57
10/21/2021,10/7/2021,83,708,409,299,429,279,243,113,166,79,73,52
10/21/2021,10/7/2021,84,708,409,299,432,276,243,110,166,79,69,48
10/21/2021,10/7/2021,85,708,409,299,426,282,236,109,173,79,67,52
10/21/2021,10/7/2021,86,708,409,299,433,275,250,116,159,79,74,48
10/21/2021,10/7/2021,87,708,409,299,415,293,239,123,170,79,65,46
10/21/2021,10/7/2021,88,708,409,299,429,279,254,124,155,79,73,52
10/21/2021,10/7/2021,89,708,409,299,464,244,266,101,143,79,80,51
10/21/2021,10/7/2021,90,708,409,299,468,240,274,105,135,79,72,41
10/21/2021,10/8/2021,1,709,409,300,401,308,236,135,173,79,65,47
10/21/2021,10/8/2021,2,709,409,300,428,281,242,114,167,79,65,48
10/21/2021,10/8/2021,3,709,409,300,433,276,243,110,166,79,73,57
10/21/2021,10/8/2021,4,709,409,300,438,271,260,122,149,79,79,48
10/21/2021,10/8/2021,5,709,409,300,449,260,253,104,156,79,67,52
10/21/2021,10/8/2021,6,709,409,300,448,261,251,103,158,79,64,44
10/21/2021,10/8/2021,7,709,409,300,405,304,228,123,181,79,66,49
10/21/2021,10/8/2021,8,709,409,300,445,264,257,112,152,79,68,44
10/21/2021,10/8/2021,9,709,409,300,423,286,237,114,172,79,59,49
10/21/2021,10/8/2021,10,709,409,300,418,291,244,126,165,79,66,49
10/21/2021,10/8/2021,11,709,409,300,414,295,239,125,170,79,66,47
10/21/2021,10/8/2021,12,709,409,300,446,263,263,117,146,79,64,46
10/21/2021,10/8/2021,13,709,409,300,460,249,266,106,143,79,76,55
10/21/2021,10/8/2021,14,709,409,300,426,283,246,120,163,79,70,48
10/21/2021,10/8/2021,15,709,409,300,481,228,280,99,129,79,79,55
10/21/2021,10/8/2021,16,709,409,300,442,267,261,119,148,79,70,53
10/21/2021,10/8/2021,17,709,409,300,404,305,238,134,171,79,69,52
10/21/2021,10/8/2021,18,709,409,300,424,285,241,117,168,79,57,48
10/21/2021,10/8/2021,19,709,409,300,440,269,258,118,151,79,64,53
10/21/2021,10/8/2021,20,709,409,300,459,250,264,105,145,79,66,51
10/21/2021,10/8/2021,21,709,409,300,437,272,256,119,153,79,71,49
10/21/2021,10/8/2021,22,709,409,300,444,265,262,118,147,79,71,52
10/21/2021,10/8/2021,23,709,409,300,440,269,258,118,151,79,76,52
10/21/2021,10/8/2021,24,709,409,300,424,285,242,118,167,79,71,53
10/21/2021,10/8/2021,25,709,409,300,434,275,254,120,155,79,70,48
10/21/2021,10/8/2021,26,709,409,300,404,305,236,132,173,79,71,50
10/21/2021,10/8/2021,27,709,409,300,462,247,272,110,137,79,70,41
10/21/2021,10/8/2021,28,709,409,300,429,280,245,116,164,79,66,45
10/21/2021,10/8/2021,29,709,409,300,423,286,239,116,170,79,68,43
10/21/2021,10/8/2021,30,709,409,300,444,265,263,119,146,79,69,51
10/21/2021,10/8/2021,31,709,409,300,410,299,233,123,176,79,65,39
10/21/2021,10/8/2021,32,709,409,300,451,258,259,108,150,79,71,45
10/21/2021,10/8/2021,33,709,409,300,446,263,262,116,147,79,71,41
10/21/2021,10/8/2021,34,709,409,300,476,233,270,94,139,79,73,54
10/21/2021,10/8/2021,35,709,409,300,441,268,247,106,162,79,67,51
10/21/2021,10/8/2021,36,709,409,300,398,311,231,133,178,79,68,39
10/21/2021,10/8/2021,37,709,409,300,402,307,221,119,188,79,60,45
10/21/2021,10/8/2021,38,709,409,300,413,296,252,139,157,79,68,42
10/21/2021,10/8/2021,39,709,409,300,451,258,259,108,150,79,70,50
10/21/2021,10/8/2021,40,709,409,300,471,238,261,90,148,79,65,58
10/21/2021,10/8/2021,41,709,409,300,454,255,261,107,148,79,79,47
10/21/2021,10/8/2021,42,709,409,300,423,286,244,121,165,79,68,46
10/21/2021,10/8/2021,43,709,409,300,393,316,229,136,180,79,66,42
10/21/2021,10/8/2021,44,709,409,300,418,291,238,120,171,79,73,47
10/21/2021,10/8/2021,45,709,409,300,426,283,247,121,162,79,67,46
10/21/2021,10/8/2021,46,709,409,300,425,284,248,123,161,79,77,48
10/21/2021,10/8/2021,47,709,409,300,410,299,233,123,176,79,68,46
10/21/2021,10/8/2021,48,709,409,300,442,267,256,114,153,79,74,56
10/21/2021,10/8/2021,49,709,409,300,433,276,250,117,159,79,63,46
10/21/2021,10/8/2021,50,709,409,300,443,266,258,115,151,79,72,46
10/21/2021,10/8/2021,51,709,409,300,449,260,252,103,157,79,70,51
10/21/2021,10/8/2021,52,709,409,300,412,297,229,117,180,79,59,48
10/21/2021,10/8/2021,53,709,409,300,455,254,261,106,148,79,72,54
10/21/2021,10/8/2021,54,709,409,300,428,281,244,116,165,79,71,47
10/21/2021,10/8/2021,55,709,409,300,437,272,242,105,167,79,62,53
10/21/2021,10/8/2021,56,709,409,300,382,327,212,130,197,79,54,38
10/21/2021,10/8/2021,57,709,409,300,447,262,264,117,145,79,71,47
10/21/2021,10/8/2021,58,709,409,300,438,271,243,105,166,79,61,52
10/21/2021,10/8/2021,59,709,409,300,427,282,235,108,174,79,63,58
10/21/2021,10/8/2021,60,709,409,300,434,275,245,111,164,79,65,53
10/21/2021,10/8/2021,61,709,409,300,426,283,248,122,161,79,64,43
10/21/2021,10/8/2021,62,709,409,300,434,275,241,107,168,79,69,53
10/21/2021,10/8/2021,63,709,409,300,418,291,249,131,160,79,73,45
10/21/2021,10/8/2021,64,709,409,300,402,307,235,133,174,79,76,44
10/21/2021,10/8/2021,65,709,409,300,457,252,274,117,135,79,76,51
10/21/2021,10/8/2021,66,709,409,300,423,286,240,117,169,79,67,44
10/21/2021,10/8/2021,67,709,409,300,433,276,258,125,151,79,68,45
10/21/2021,10/8/2021,68,709,409,300,437,272,252,115,157,79,72,50
10/21/2021,10/8/2021,69,709,409,300,443,266,248,105,161,79,64,49
10/21/2021,10/8/2021,70,709,409,300,437,272,260,123,149,79,80,42
10/21/2021,10/8/2021,71,709,409,300,391,318,236,145,173,79,69,46
10/21/2021,10/8/2021,72,709,409,300,415,294,236,121,173,79,70,42
10/21/2021,10/8/2021,73,709,409,300,416,293,243,127,166,79,68,49
10/21/2021,10/8/2021,74,709,409,300,416,293,229,113,180,79,67,48
10/21/2021,10/8/2021,75,709,409,300,424,285,234,110,175,79,64,49
10/21/2021,10/8/2021,76,709,409,300,449,260,254,105,155,79,71,54
10/21/2021,10/8/2021,77,709,409,300,421,288,247,126,162,79,68,43
10/21/2021,10/8/2021,78,709,409,300,423,286,244,121,165,79,69,42
10/21/2021,10/8/2021,79,709,409,300,374,335,222,148,187,79,53,43
10/21/2021,10/8/2021,80,709,409,300,421,288,248,127,161,79,75,43
10/21/2021,10/8/2021,81,709,409,300,442,267,250,108,159,79,70,54
10/21/2021,10/8/2021,82,709,409,300,464,245,273,109,136,79,76,57
10/21/2021,10/8/2021,83,709,409,300,430,279,243,113,166,79,73,52
10/21/2021,10/8/2021,84,709,409,300,433,276,243,110,166,79,69,48
10/21/2021,10/8/2021,85,709,409,300,426,283,236,110,173,79,67,52
10/21/2021,10/8/2021,86,709,409,300,434,275,250,116,159,79,74,48
10/21/2021,10/8/2021,87,709,409,300,416,293,239,123,170,79,65,46
10/21/2021,10/8/2021,88,709,409,300,429,280,254,125,155,79,73,52
10/21/2021,10/8/2021,89,709,409,300,465,244,266,101,143,79,80,51
10/21/2021,10/8/2021,90,709,409,300,468,241,274,106,135,79,72,41
10/21/2021,10/11/2021,1,710,409,301,404,306,240,137,169,79,65,48
10/21/2021,10/11/2021,2,710,409,301,421,289,237,117,172,79,62,45
10/21/2021,10/11/2021,3,710,409,301,451,259,254,104,155,79,72,60
10/21/2021,10/11/2021,4,710,409,301,440,270,257,118,152,79,77,48
10/21/2021,10/11/2021,5,710,409,301,452,258,244,93,165,79,63,57
10/21/2021,10/11/2021,6,710,409,301,452,258,254,103,155,79,65,46
10/21/2021,10/11/2021,7,710,409,301,411,299,227,117,182,79,64,48
10/21/2021,10/11/2021,8,710,409,301,449,261,261,113,148,79,71,44
10/21/2021,10/11/2021,9,710,409,301,434,276,240,107,169,79,61,50
10/21/2021,10/11/2021,10,710,409,301,416,294,238,123,171,79,63,49
10/21/2021,10/11/2021,11,710,409,301,410,300,236,127,173,79,64,48
10/21/2021,10/11/2021,12,710,409,301,446,264,261,116,148,79,66,48
10/21/2021,10/11/2021,13,710,409,301,456,254,263,108,146,79,74,55
10/21/2021,10/11/2021,14,710,409,301,411,299,235,125,174,79,69,45
10/21/2021,10/11/2021,15,710,409,301,478,232,277,100,132,79,80,56
10/21/2021,10/11/2021,16,710,409,301,447,263,269,123,140,79,70,48
10/21/2021,10/11/2021,17,710,409,301,395,315,237,143,172,79,65,42
10/21/2021,10/11/2021,18,710,409,301,423,287,236,114,173,79,56,50
10/21/2021,10/11/2021,19,710,409,301,441,269,254,114,155,79,64,55
10/21/2021,10/11/2021,20,710,409,301,457,253,264,108,145,79,69,49
10/21/2021,10/11/2021,21,710,409,301,421,289,250,130,159,79,70,46
10/21/2021,10/11/2021,22,710,409,301,441,269,260,120,149,79,72,51
10/21/2021,10/11/2021,23,710,409,301,437,273,254,118,155,79,74,50
10/21/2021,10/11/2021,24,710,409,301,422,288,242,121,167,79,69,53
10/21/2021,10/11/2021,25,710,409,301,433,277,255,123,154,79,71,50
10/21/2021,10/11/2021,26,710,409,301,401,309,234,134,175,79,70,48
10/21/2021,10/11/2021,27,710,409,301,464,246,276,113,133,79,70,38
10/21/2021,10/11/2021,28,710,409,301,429,281,244,116,165,79,66,45
10/21/2021,10/11/2021,29,710,409,301,427,283,246,120,163,79,66,45
10/21/2021,10/11/2021,30,710,409,301,433,277,253,121,156,79,68,49
10/21/2021,10/11/2021,31,710,409,301,400,310,227,128,182,79,65,38
10/21/2021,10/11/2021,32,710,409,301,449,261,258,110,151,79,71,44
10/21/2021,10/11/2021,33,710,409,301,445,265,257,113,152,79,70,40
10/21/2021,10/11/2021,34,710,409,301,472,238,263,92,146,79,68,56
10/21/2021,10/11/2021,35,710,409,301,436,274,239,104,170,79,65,50
10/21/2021,10/11/2021,36,710,409,301,397,313,233,137,176,79,69,37
10/21/2021,10/11/2021,37,710,409,301,398,312,221,124,188,79,60,44
10/21/2021,10/11/2021,38,710,409,301,402,308,243,142,166,79,63,44
10/21/2021,10/11/2021,39,710,409,301,443,267,255,113,154,79,69,50
10/21/2021,10/11/2021,40,710,409,301,466,244,254,89,155,79,65,57
10/21/2021,10/11/2021,41,710,409,301,451,259,260,110,149,79,76,45
10/21/2021,10/11/2021,42,710,409,301,421,289,245,125,164,79,69,45
10/21/2021,10/11/2021,43,710,409,301,398,312,231,134,178,79,66,42
10/21/2021,10/11/2021,44,710,409,301,429,281,251,123,158,79,75,48
10/21/2021,10/11/2021,45,710,409,301,429,281,250,122,159,79,68,48
10/21/2021,10/11/2021,46,710,409,301,433,277,258,126,151,79,77,47
10/21/2021,10/11/2021,47,710,409,301,423,287,241,119,168,79,71,46
10/21/2021,10/11/2021,48,710,409,301,440,270,256,117,153,79,74,51
10/21/2021,10/11/2021,49,710,409,301,435,275,257,123,152,79,68,45
10/21/2021,10/11/2021,50,710,409,301,445,265,256,112,153,79,76,51
10/21/2021,10/11/2021,51,710,409,301,452,258,253,102,156,79,72,51
10/21/2021,10/11/2021,52,710,409,301,423,287,227,105,182,79,65,51
10/21/2021,10/11/2021,53,710,409,301,443,267,254,112,155,79,70,50
10/21/2021,10/11/2021,54,710,409,301,420,290,238,119,171,79,70,47
10/21/2021,10/11/2021,55,710,409,301,425,285,235,111,174,79,59,52
10/21/2021,10/11/2021,56,710,409,301,388,322,219,132,190,79,55,40
10/21/2021,10/11/2021,57,710,409,301,454,256,268,115,141,79,74,46
10/21/2021,10/11/2021,58,710,409,301,439,271,247,109,162,79,65,51
10/21/2021,10/11/2021,59,710,409,301,430,280,242,113,167,79,69,57
10/21/2021,10/11/2021,60,710,409,301,432,278,247,116,162,79,68,49
10/21/2021,10/11/2021,61,710,409,301,430,280,244,115,165,79,68,48
10/21/2021,10/11/2021,62,710,409,301,443,267,241,99,168,79,69,56
10/21/2021,10/11/2021,63,710,409,301,417,293,246,130,163,79,74,47
10/21/2021,10/11/2021,64,710,409,301,402,308,231,130,178,79,75,46
10/21/2021,10/11/2021,65,710,409,301,464,246,284,121,125,79,79,52
10/21/2021,10/11/2021,66,710,409,301,422,288,245,124,164,79,63,45
10/21/2021,10/11/2021,67,710,409,301,435,275,253,119,156,79,63,43
10/21/2021,10/11/2021,68,710,409,301,434,276,251,118,158,79,70,49
10/21/2021,10/11/2021,69,710,409,301,448,262,252,105,157,79,66,49
10/21/2021,10/11/2021,70,710,409,301,441,269,260,120,149,79,76,44
10/21/2021,10/11/2021,71,710,409,301,395,315,238,144,171,79,66,43
10/21/2021,10/11/2021,72,710,409,301,414,296,235,122,174,79,68,42
10/21/2021,10/11/2021,73,710,409,301,424,286,245,122,164,79,67,48
10/21/2021,10/11/2021,74,710,409,301,415,295,230,116,179,79,64,47
10/21/2021,10/11/2021,75,710,409,301,411,299,230,120,179,79,59,50
10/21/2021,10/11/2021,76,710,409,301,450,260,256,107,153,79,72,54
10/21/2021,10/11/2021,77,710,409,301,417,293,243,127,166,79,66,42
10/21/2021,10/11/2021,78,710,409,301,434,276,251,118,158,79,70,42
10/21/2021,10/11/2021,79,710,409,301,373,337,223,151,186,79,56,43
10/21/2021,10/11/2021,80,710,409,301,425,285,251,127,158,79,74,43
10/21/2021,10/11/2021,81,710,409,301,448,262,253,106,156,79,73,56
10/21/2021,10/11/2021,82,710,409,301,481,229,279,99,130,79,81,55
10/21/2021,10/11/2021,83,710,409,301,431,279,242,112,167,79,69,51
10/21/2021,10/11/2021,84,710,409,301,451,259,250,100,159,79,71,52
10/21/2021,10/11/2021,85,710,409,301,425,285,235,111,174,79,67,55
10/21/2021,10/11/2021,86,710,409,301,437,273,253,117,156,79,73,48
10/21/2021,10/11/2021,87,710,409,301,428,282,248,121,161,79,64,48
10/21/2021,10/11/2021,88,710,409,301,424,286,249,126,160,79,71,52
10/21/2021,10/11/2021,89,710,409,301,460,250,257,98,152,79,73,51
10/21/2021,10/11/2021,90,710,409,301,471,239,275,105,134,79,78,46
10/20/2021,10/12/2021,1,711,409,302,405,306,240,137,169,79,65,48
10/20/2021,10/12/2021,2,711,409,302,422,289,237,117,172,79,62,45
10/20/2021,10/12/2021,3,711,409,302,452,259,254,104,155,79,72,60
10/20/2021,10/12/2021,4,711,409,302,441,270,257,118,152,79,77,48
10/20/2021,10/12/2021,5,711,409,302,453,258,244,93,165,79,63,57
10/20/2021,10/12/2021,6,711,409,302,453,258,254,103,155,79,65,46
10/20/2021,10/12/2021,7,711,409,302,412,299,227,117,182,79,64,48
10/20/2021,10/12/2021,8,711,409,302,450,261,261,113,148,79,71,44
10/20/2021,10/12/2021,9,711,409,302,435,276,240,107,169,79,61,50
10/20/2021,10/12/2021,10,711,409,302,417,294,238,123,171,79,63,49
10/20/2021,10/12/2021,11,711,409,302,410,301,236,128,173,79,64,48
10/20/2021,10/12/2021,12,711,409,302,447,264,261,116,148,79,66,48
10/20/2021,10/12/2021,13,711,409,302,457,254,263,108,146,79,74,55
10/20/2021,10/12/2021,14,711,409,302,411,300,235,126,174,79,69,45
10/20/2021,10/12/2021,15,711,409,302,478,233,277,101,132,79,80,56
10/20/2021,10/12/2021,16,711,409,302,447,264,269,124,140,79,70,48
10/20/2021,10/12/2021,17,711,409,302,396,315,237,143,172,79,65,42
10/20/2021,10/12/2021,18,711,409,302,423,288,236,115,173,79,56,50
10/20/2021,10/12/2021,19,711,409,302,442,269,254,114,155,79,64,55
10/20/2021,10/12/2021,20,711,409,302,457,254,264,109,145,79,69,49
10/20/2021,10/12/2021,21,711,409,302,422,289,250,130,159,79,70,46
10/20/2021,10/12/2021,22,711,409,302,441,270,260,121,149,79,72,51
10/20/2021,10/12/2021,23,711,409,302,438,273,254,118,155,79,74,50
10/20/2021,10/12/2021,24,711,409,302,422,289,242,122,167,79,69,53
10/20/2021,10/12/2021,25,711,409,302,433,278,255,124,154,79,71,50
10/20/2021,10/12/2021,26,711,409,302,401,310,234,135,175,79,70,48
10/20/2021,10/12/2021,27,711,409,302,464,247,276,114,133,79,70,38
10/20/2021,10/12/2021,28,711,409,302,430,281,244,116,165,79,66,45
10/20/2021,10/12/2021,29,711,409,302,428,283,246,120,163,79,66,45
10/20/2021,10/12/2021,30,711,409,302,434,277,253,121,156,79,68,49
10/20/2021,10/12/2021,31,711,409,302,401,310,227,128,182,79,65,38
10/20/2021,10/12/2021,32,711,409,302,450,261,258,110,151,79,71,44
10/20/2021,10/12/2021,33,711,409,302,446,265,257,113,152,79,70,40
10/20/2021,10/12/2021,34,711,409,302,472,239,263,93,146,79,68,56
10/20/2021,10/12/2021,35,711,409,302,436,275,239,105,170,79,65,50
10/20/2021,10/12/2021,36,711,409,302,397,314,233,138,176,79,69,37
10/20/2021,10/12/2021,37,711,409,302,399,312,221,124,188,79,60,44
10/20/2021,10/12/2021,38,711,409,302,403,308,243,142,166,79,63,44
10/20/2021,10/12/2021,39,711,409,302,444,267,255,113,154,79,69,50
10/20/2021,10/12/2021,40,711,409,302,467,244,254,89,155,79,65,57
10/20/2021,10/12/2021,41,711,409,302,452,259,260,110,149,79,76,45
10/20/2021,10/12/2021,42,711,409,302,421,290,245,126,164,79,69,45
10/20/2021,10/12/2021,43,711,409,302,398,313,231,135,178,79,66,42
10/20/2021,10/12/2021,44,711,409,302,429,282,251,124,158,79,75,48
10/20/2021,10/12/2021,45,711,409,302,430,281,250,122,159,79,68,48
10/20/2021,10/12/2021,46,711,409,302,434,277,258,126,151,79,77,47
10/20/2021,10/12/2021,47,711,409,302,424,287,241,119,168,79,71,46
10/20/2021,10/12/2021,48,711,409,302,441,270,256,117,153,79,74,51
10/20/2021,10/12/2021,49,711,409,302,436,275,257,123,152,79,68,45
10/20/2021,10/12/2021,50,711,409,302,446,265,256,112,153,79,76,51
10/20/2021,10/12/2021,51,711,409,302,452,259,253,103,156,79,72,51
10/20/2021,10/12/2021,52,711,409,302,423,288,227,106,182,79,65,51
10/20/2021,10/12/2021,53,711,409,302,444,267,254,112,155,79,70,50
10/20/2021,10/12/2021,54,711,409,302,421,290,238,119,171,79,70,47
10/20/2021,10/12/2021,55,711,409,302,426,285,235,111,174,79,59,52
10/20/2021,10/12/2021,56,711,409,302,388,323,219,133,190,79,55,40
10/20/2021,10/12/2021,57,711,409,302,454,257,268,116,141,79,74,46
10/20/2021,10/12/2021,58,711,409,302,440,271,247,109,162,79,65,51
10/20/2021,10/12/2021,59,711,409,302,431,280,242,113,167,79,69,57
10/20/2021,10/12/2021,60,711,409,302,432,279,247,117,162,79,68,49
10/20/2021,10/12/2021,61,711,409,302,431,280,244,115,165,79,68,48
10/20/2021,10/12/2021,62,711,409,302,443,268,241,100,168,79,69,56
10/20/2021,10/12/2021,63,711,409,302,418,293,246,130,163,79,74,47
10/20/2021,10/12/2021,64,711,409,302,402,309,231,131,178,79,75,46
10/20/2021,10/12/2021,65,711,409,302,464,247,284,122,125,79,79,52
10/20/2021,10/12/2021,66,711,409,302,423,288,245,124,164,79,63,45
10/20/2021,10/12/2021,67,711,409,302,436,275,253,119,156,79,63,43
10/20/2021,10/12/2021,68,711,409,302,435,276,251,118,158,79,70,49
10/20/2021,10/12/2021,69,711,409,302,448,263,252,106,157,79,66,49
10/20/2021,10/12/2021,70,711,409,302,442,269,260,120,149,79,76,44
10/20/2021,10/12/2021,71,711,409,302,395,316,238,145,171,79,66,43
10/20/2021,10/12/2021,72,711,409,302,415,296,235,122,174,79,68,42
10/20/2021,10/12/2021,73,711,409,302,425,286,245,122,164,79,67,48
10/20/2021,10/12/2021,74,711,409,302,415,296,230,117,179,79,64,47
10/20/2021,10/12/2021,75,711,409,302,411,300,230,121,179,79,59,50
10/20/2021,10/12/2021,76,711,409,302,451,260,256,107,153,79,72,54
10/20/2021,10/12/2021,77,711,409,302,418,293,243,127,166,79,66,42
10/20/2021,10/12/2021,78,711,409,302,434,277,251,119,158,79,70,42
10/20/2021,10/12/2021,79,711,409,302,374,337,223,151,186,79,56,43
10/20/2021,10/12/2021,80,711,409,302,425,286,251,128,158,79,74,43
10/20/2021,10/12/2021,81,711,409,302,449,262,253,106,156,79,73,56
10/20/2021,10/12/2021,82,711,409,302,481,230,279,100,130,79,81,55
10/20/2021,10/12/2021,83,711,409,302,432,279,242,112,167,79,69,51
10/20/2021,10/12/2021,84,711,409,302,452,259,250,100,159,79,71,52
10/20/2021,10/12/2021,85,711,409,302,426,285,235,111,174,79,67,55
10/20/2021,10/12/2021,86,711,409,302,438,273,253,117,156,79,73,48
10/20/2021,10/12/2021,87,711,409,302,429,282,248,121,161,79,64,48
10/20/2021,10/12/2021,88,711,409,302,425,286,249,126,160,79,71,52
10/20/2021,10/12/2021,89,711,409,302,461,250,257,98,152,79,73,51
10/20/2021,10/12/2021,90,711,409,302,471,240,275,106,134,79,78,46
10/20/2021,10/13/2021,1,712,410,302,405,307,240,137,170,79,65,48
10/20/2021,10/13/2021,2,712,410,302,422,290,237,117,173,79,62,45
10/20/2021,10/13/2021,3,712,410,302,452,260,254,104,156,79,72,60
10/20/2021,10/13/2021,4,712,410,302,442,270,258,118,152,79,77,48
10/20/2021,10/13/2021,5,712,410,302,454,258,245,93,165,79,63,57
10/20/2021,10/13/2021,6,712,410,302,454,258,255,103,155,79,65,46
10/20/2021,10/13/2021,7,712,410,302,412,300,227,117,183,79,64,48
10/20/2021,10/13/2021,8,712,410,302,451,261,262,113,148,79,71,44
10/20/2021,10/13/2021,9,712,410,302,435,277,240,107,170,79,61,50
10/20/2021,10/13/2021,10,712,410,302,418,294,239,123,171,79,63,49
10/20/2021,10/13/2021,11,712,410,302,411,301,237,128,173,79,64,48
10/20/2021,10/13/2021,12,712,410,302,448,264,262,116,148,79,66,48
10/20/2021,10/13/2021,13,712,410,302,458,254,264,108,146,79,74,55
10/20/2021,10/13/2021,14,712,410,302,412,300,236,126,174,79,69,45
10/20/2021,10/13/2021,15,712,410,302,479,233,278,101,132,79,80,56
10/20/2021,10/13/2021,16,712,410,302,448,264,270,124,140,79,70,48
10/20/2021,10/13/2021,17,712,410,302,397,315,238,143,172,79,65,42
10/20/2021,10/13/2021,18,712,410,302,423,289,236,115,174,79,56,50
10/20/2021,10/13/2021,19,712,410,302,442,270,254,114,156,79,64,55
10/20/2021,10/13/2021,20,712,410,302,458,254,265,109,145,79,69,49
10/20/2021,10/13/2021,21,712,410,302,423,289,251,130,159,79,70,46
10/20/2021,10/13/2021,22,712,410,302,442,270,261,121,149,79,72,51
10/20/2021,10/13/2021,23,712,410,302,439,273,255,118,155,79,74,50
10/20/2021,10/13/2021,24,712,410,302,423,289,243,122,167,79,69,53
10/20/2021,10/13/2021,25,712,410,302,434,278,256,124,154,79,71,50
10/20/2021,10/13/2021,26,712,410,302,402,310,235,135,175,79,70,48
10/20/2021,10/13/2021,27,712,410,302,464,248,276,114,134,79,70,38
10/20/2021,10/13/2021,28,712,410,302,431,281,245,116,165,79,66,45
10/20/2021,10/13/2021,29,712,410,302,428,284,246,120,164,79,66,45
10/20/2021,10/13/2021,30,712,410,302,435,277,254,121,156,79,68,49
10/20/2021,10/13/2021,31,712,410,302,402,310,228,128,182,79,65,38
10/20/2021,10/13/2021,32,712,410,302,451,261,259,110,151,79,71,44
10/20/2021,10/13/2021,33,712,410,302,447,265,258,113,152,79,70,40
10/20/2021,10/13/2021,34,712,410,302,472,240,263,93,147,79,68,56
10/20/2021,10/13/2021,35,712,410,302,436,276,239,105,171,79,65,50
10/20/2021,10/13/2021,36,712,410,302,397,315,233,138,177,79,69,37
10/20/2021,10/13/2021,37,712,410,302,400,312,222,124,188,79,60,44
10/20/2021,10/13/2021,38,712,410,302,403,309,243,142,167,79,63,44
10/20/2021,10/13/2021,39,712,410,302,445,267,256,113,154,79,69,50
10/20/2021,10/13/2021,40,712,410,302,468,244,255,89,155,79,65,57
10/20/2021,10/13/2021,41,712,410,302,452,260,260,110,150,79,76,45
10/20/2021,10/13/2021,42,712,410,302,421,291,245,126,165,79,69,45
10/20/2021,10/13/2021,43,712,410,302,398,314,231,135,179,79,66,42
10/20/2021,10/13/2021,44,712,410,302,429,283,251,124,159,79,75,48
10/20/2021,10/13/2021,45,712,410,302,430,282,250,122,160,79,68,48
10/20/2021,10/13/2021,46,712,410,302,435,277,259,126,151,79,77,47
10/20/2021,10/13/2021,47,712,410,302,425,287,242,119,168,79,71,46
10/20/2021,10/13/2021,48,712,410,302,442,270,257,117,153,79,74,51
10/20/2021,10/13/2021,49,712,410,302,437,275,258,123,152,79,68,45
10/20/2021,10/13/2021,50,712,410,302,446,266,256,112,154,79,76,51
10/20/2021,10/13/2021,51,712,410,302,452,260,253,103,157,79,72,51
10/20/2021,10/13/2021,52,712,410,302,423,289,227,106,183,79,65,51
10/20/2021,10/13/2021,53,712,410,302,445,267,255,112,155,79,70,50
10/20/2021,10/13/2021,54,712,410,302,421,291,238,119,172,79,70,47
10/20/2021,10/13/2021,55,712,410,302,426,286,235,111,175,79,59,52
10/20/2021,10/13/2021,56,712,410,302,389,323,220,133,190,79,55,40
10/20/2021,10/13/2021,57,712,410,302,455,257,269,116,141,79,74,46
10/20/2021,10/13/2021,58,712,410,302,440,272,247,109,163,79,65,51
10/20/2021,10/13/2021,59,712,410,302,432,280,243,113,167,79,69,57
10/20/2021,10/13/2021,60,712,410,302,433,279,248,117,162,79,68,49
10/20/2021,10/13/2021,61,712,410,302,431,281,244,115,166,79,68,48
10/20/2021,10/13/2021,62,712,410,302,443,269,241,100,169,79,69,56
10/20/2021,10/13/2021,63,712,410,302,418,294,246,130,164,79,74,47
10/20/2021,10/13/2021,64,712,410,302,402,310,231,131,179,79,75,46
10/20/2021,10/13/2021,65,712,410,302,464,248,284,122,126,79,79,52
10/20/2021,10/13/2021,66,712,410,302,423,289,245,124,165,79,63,45
10/20/2021,10/13/2021,67,712,410,302,437,275,254,119,156,79,63,43
10/20/2021,10/13/2021,68,712,410,302,436,276,252,118,158,79,70,49
10/20/2021,10/13/2021,69,712,410,302,448,264,252,106,158,79,66,49
10/20/2021,10/13/2021,70,712,410,302,443,269,261,120,149,79,76,44
10/20/2021,10/13/2021,71,712,410,302,396,316,239,145,171,79,66,43
10/20/2021,10/13/2021,72,712,410,302,416,296,236,122,174,79,68,42
10/20/2021,10/13/2021,73,712,410,302,425,287,245,122,165,79,67,48
10/20/2021,10/13/2021,74,712,410,302,416,296,231,117,179,79,64,47
10/20/2021,10/13/2021,75,712,410,302,412,300,231,121,179,79,59,50
10/20/2021,10/13/2021,76,712,410,302,452,260,257,107,153,79,72,54
10/20/2021,10/13/2021,77,712,410,302,419,293,244,127,166,79,66,42
10/20/2021,10/13/2021,78,712,410,302,434,278,251,119,159,79,70,42
10/20/2021,10/13/2021,79,712,410,302,375,337,224,151,186,79,56,43
10/20/2021,10/13/2021,80,712,410,302,426,286,252,128,158,79,74,43
10/20/2021,10/13/2021,81,712,410,302,449,263,253,106,157,79,73,56
10/20/2021,10/13/2021,82,712,410,302,482,230,280,100,130,79,81,55
10/20/2021,10/13/2021,83,712,410,302,432,280,242,112,168,79,69,51
10/20/2021,10/13/2021,84,712,410,302,453,259,251,100,159,79,71,52
10/20/2021,10/13/2021,85,712,410,302,427,285,236,111,174,79,67,55
10/20/2021,10/13/2021,86,712,410,302,438,274,253,117,157,79,73,48
10/20/2021,10/13/2021,87,712,410,302,430,282,249,121,161,79,64,48
10/20/2021,10/13/2021,88,712,410,302,426,286,250,126,160,79,71,52
10/20/2021,10/13/2021,89,712,410,302,462,250,258,98,152,79,73,51
10/20/2021,10/13/2021,90,712,410,302,471,241,275,106,135,79,78,46
10/20/2021,10/14/2021,1,713,411,302,405,308,240,137,171,79,65,48
10/20/2021,10/14/2021,2,713,411,302,422,291,237,117,174,79,62,45
10/20/2021,10/14/2021,3,713,411,302,452,261,254,104,157,79,72,60
10/20/2021,10/14/2021,4,713,411,302,442,271,258,118,153,79,77,48
10/20/2021,10/14/2021,5,713,411,302,455,258,246,93,165,79,64,57
10/20/2021,10/14/2021,6,713,411,302,455,258,256,103,155,79,66,46
10/20/2021,10/14/2021,7,713,411,302,413,300,228,117,183,79,65,48
10/20/2021,10/14/2021,8,713,411,302,452,261,263,113,148,79,72,44
10/20/2021,10/14/2021,9,713,411,302,436,277,241,107,170,79,62,50
10/20/2021,10/14/2021,10,713,411,302,419,294,240,123,171,79,64,49
10/20/2021,10/14/2021,11,713,411,302,412,301,238,128,173,79,65,48
10/20/2021,10/14/2021,12,713,411,302,449,264,263,116,148,79,67,48
10/20/2021,10/14/2021,13,713,411,302,459,254,265,108,146,79,75,55
10/20/2021,10/14/2021,14,713,411,302,413,300,237,126,174,79,70,45
10/20/2021,10/14/2021,15,713,411,302,479,234,278,101,133,79,80,56
10/20/2021,10/14/2021,16,713,411,302,448,265,270,124,141,79,70,48
10/20/2021,10/14/2021,17,713,411,302,398,315,239,143,172,79,66,42
10/20/2021,10/14/2021,18,713,411,302,423,290,236,115,175,79,56,50
10/20/2021,10/14/2021,19,713,411,302,442,271,254,114,157,79,64,55
10/20/2021,10/14/2021,20,713,411,302,459,254,266,109,145,79,70,49
10/20/2021,10/14/2021,21,713,411,302,423,290,251,130,160,79,70,46
10/20/2021,10/14/2021,22,713,411,302,443,270,262,121,149,79,73,51
10/20/2021,10/14/2021,23,713,411,302,440,273,256,118,155,79,75,50
10/20/2021,10/14/2021,24,713,411,302,424,289,244,122,167,79,70,53
10/20/2021,10/14/2021,25,713,411,302,434,279,256,124,155,79,71,50
10/20/2021,10/14/2021,26,713,411,302,402,311,235,135,176,79,70,48
10/20/2021,10/14/2021,27,713,411,302,465,248,277,114,134,79,71,38
10/20/2021,10/14/2021,28,713,411,302,431,282,245,116,166,79,66,45
10/20/2021,10/14/2021,29,713,411,302,429,284,247,120,164,79,67,45
10/20/2021,10/14/2021,30,713,411,302,435,278,254,121,157,79,68,49
10/20/2021,10/14/2021,31,713,411,302,403,310,229,128,182,79,66,38
10/20/2021,10/14/2021,32,713,411,302,452,261,260,110,151,79,72,44
10/20/2021,10/14/2021,33,713,411,302,448,265,259,113,152,79,71,40
10/20/2021,10/14/2021,34,713,411,302,472,241,263,93,148,79,68,56
10/20/2021,10/14/2021,35,713,411,302,437,276,240,105,171,79,66,50
10/20/2021,10/14/2021,36,713,411,302,398,315,234,138,177,79,70,37
10/20/2021,10/14/2021,37,713,411,302,401,312,223,124,188,79,61,44
10/20/2021,10/14/2021,38,713,411,302,403,310,243,142,168,79,63,44
10/20/2021,10/14/2021,39,713,411,302,445,268,256,113,155,79,69,50
10/20/2021,10/14/2021,40,713,411,302,469,244,256,89,155,79,66,57
10/20/2021,10/14/2021,41,713,411,302,453,260,261,110,150,79,77,45
10/20/2021,10/14/2021,42,713,411,302,422,291,246,126,165,79,70,45
10/20/2021,10/14/2021,43,713,411,302,398,315,231,135,180,79,66,42
10/20/2021,10/14/2021,44,713,411,302,430,283,252,124,159,79,76,48
10/20/2021,10/14/2021,45,713,411,302,431,282,251,122,160,79,69,48
10/20/2021,10/14/2021,46,713,411,302,435,278,259,126,152,79,77,47
10/20/2021,10/14/2021,47,713,411,302,426,287,243,119,168,79,72,46
10/20/2021,10/14/2021,48,713,411,302,443,270,258,117,153,79,75,51
10/20/2021,10/14/2021,49,713,411,302,438,275,259,123,152,79,69,45
10/20/2021,10/14/2021,50,713,411,302,446,267,256,112,155,79,76,51
10/20/2021,10/14/2021,51,713,411,302,452,261,253,103,158,79,72,51
10/20/2021,10/14/2021,52,713,411,302,424,289,228,106,183,79,66,51
10/20/2021,10/14/2021,53,713,411,302,446,267,256,112,155,79,71,50
10/20/2021,10/14/2021,54,713,411,302,422,291,239,119,172,79,71,47
10/20/2021,10/14/2021,55,713,411,302,426,287,235,111,176,79,59,52
10/20/2021,10/14/2021,56,713,411,302,390,323,221,133,190,79,56,40
10/20/2021,10/14/2021,57,713,411,302,456,257,270,116,141,79,75,46
10/20/2021,10/14/2021,58,713,411,302,441,272,248,109,163,79,66,51
10/20/2021,10/14/2021,59,713,411,302,432,281,243,113,168,79,69,57
10/20/2021,10/14/2021,60,713,411,302,434,279,249,117,162,79,69,49
10/20/2021,10/14/2021,61,713,411,302,431,282,244,115,167,79,68,48
10/20/2021,10/14/2021,62,713,411,302,444,269,242,100,169,79,70,56
10/20/2021,10/14/2021,63,713,411,302,419,294,247,130,164,79,75,47
10/20/2021,10/14/2021,64,713,411,302,402,311,231,131,180,79,75,46
10/20/2021,10/14/2021,65,713,411,302,464,249,284,122,127,79,79,52
10/20/2021,10/14/2021,66,713,411,302,424,289,246,124,165,79,64,45
10/20/2021,10/14/2021,67,713,411,302,438,275,255,119,156,79,64,43
10/20/2021,10/14/2021,68,713,411,302,436,277,252,118,159,79,70,49
10/20/2021,10/14/2021,69,713,411,302,448,265,252,106,159,79,66,49
10/20/2021,10/14/2021,70,713,411,302,443,270,261,120,150,79,76,44
10/20/2021,10/14/2021,71,713,411,302,397,316,240,145,171,79,67,43
10/20/2021,10/14/2021,72,713,411,302,417,296,237,122,174,79,69,42
10/20/2021,10/14/2021,73,713,411,302,426,287,246,122,165,79,68,48
10/20/2021,10/14/2021,74,713,411,302,417,296,232,117,179,79,65,47
10/20/2021,10/14/2021,75,713,411,302,413,300,232,121,179,79,60,50
10/20/2021,10/14/2021,76,713,411,302,452,261,257,107,154,79,72,54
10/20/2021,10/14/2021,77,713,411,302,419,294,244,127,167,79,66,42
10/20/2021,10/14/2021,78,713,411,302,434,279,251,119,160,79,70,42
10/20/2021,10/14/2021,79,713,411,302,376,337,225,151,186,79,57,43
10/20/2021,10/14/2021,80,713,411,302,427,286,253,128,158,79,75,43
10/20/2021,10/14/2021,81,713,411,302,450,263,254,106,157,79,74,56
10/20/2021,10/14/2021,82,713,411,302,483,230,281,100,130,79,82,55
10/20/2021,10/14/2021,83,713,411,302,433,280,243,112,168,79,70,51
10/20/2021,10/14/2021,84,713,411,302,453,260,251,100,160,79,71,52
10/20/2021,10/14/2021,85,713,411,302,428,285,237,111,174,79,68,55
10/20/2021,10/14/2021,86,713,411,302,439,274,254,117,157,79,74,48
10/20/2021,10/14/2021,87,713,411,302,431,282,250,121,161,79,65,48
10/20/2021,10/14/2021,88,713,411,302,427,286,251,126,160,79,72,52
10/20/2021,10/14/2021,89,713,411,302,463,250,259,98,152,79,74,51
10/20/2021,10/14/2021,90,713,411,302,472,241,276,106,135,79,79,46
10/20/2021,10/15/2021,1,714,412,302,406,308,241,137,171,79,65,48
10/20/2021,10/15/2021,2,714,412,302,422,292,237,117,175,79,62,45
10/20/2021,10/15/2021,3,714,412,302,453,261,255,104,157,79,72,60
10/20/2021,10/15/2021,4,714,412,302,442,272,258,118,154,79,77,48
10/20/2021,10/15/2021,5,714,412,302,456,258,247,93,165,79,64,57
10/20/2021,10/15/2021,6,714,412,302,456,258,257,103,155,79,66,46
10/20/2021,10/15/2021,7,714,412,302,413,301,228,117,184,79,65,48
10/20/2021,10/15/2021,8,714,412,302,452,262,263,113,149,79,72,44
10/20/2021,10/15/2021,9,714,412,302,437,277,242,107,170,79,62,50
10/20/2021,10/15/2021,10,714,412,302,419,295,240,123,172,79,64,49
10/20/2021,10/15/2021,11,714,412,302,412,302,238,128,174,79,65,48
10/20/2021,10/15/2021,12,714,412,302,450,264,264,116,148,79,67,48
10/20/2021,10/15/2021,13,714,412,302,459,255,265,108,147,79,75,55
10/20/2021,10/15/2021,14,714,412,302,414,300,238,126,174,79,70,45
10/20/2021,10/15/2021,15,714,412,302,480,234,279,101,133,79,80,56
10/20/2021,10/15/2021,16,714,412,302,449,265,271,124,141,79,70,48
10/20/2021,10/15/2021,17,714,412,302,399,315,240,143,172,79,66,42
10/20/2021,10/15/2021,18,714,412,302,423,291,236,115,176,79,56,50
10/20/2021,10/15/2021,19,714,412,302,442,272,254,114,158,79,64,55
10/20/2021,10/15/2021,20,714,412,302,460,254,267,109,145,79,70,49
10/20/2021,10/15/2021,21,714,412,302,424,290,252,130,160,79,70,46
10/20/2021,10/15/2021,22,714,412,302,444,270,263,121,149,79,73,51
10/20/2021,10/15/2021,23,714,412,302,440,274,256,118,156,79,75,50
10/20/2021,10/15/2021,24,714,412,302,424,290,244,122,168,79,70,53
10/20/2021,10/15/2021,25,714,412,302,434,280,256,124,156,79,71,50
10/20/2021,10/15/2021,26,714,412,302,402,312,235,135,177,79,70,48
10/20/2021,10/15/2021,27,714,412,302,466,248,278,114,134,79,71,38
10/20/2021,10/15/2021,28,714,412,302,432,282,246,116,166,79,66,45
10/20/2021,10/15/2021,29,714,412,302,430,284,248,120,164,79,67,45
10/20/2021,10/15/2021,30,714,412,302,435,279,254,121,158,79,68,49
10/20/2021,10/15/2021,31,714,412,302,404,310,230,128,182,79,66,38
10/20/2021,10/15/2021,32,714,412,302,453,261,261,110,151,79,72,44
10/20/2021,10/15/2021,33,714,412,302,448,266,259,113,153,79,71,40
10/20/2021,10/15/2021,34,714,412,302,473,241,264,93,148,79,68,56
10/20/2021,10/15/2021,35,714,412,302,437,277,240,105,172,79,66,50
10/20/2021,10/15/2021,36,714,412,302,399,315,235,138,177,79,70,37
10/20/2021,10/15/2021,37,714,412,302,402,312,224,124,188,79,61,44
10/20/2021,10/15/2021,38,714,412,302,404,310,244,142,168,79,63,44
10/20/2021,10/15/2021,39,714,412,302,446,268,257,113,155,79,69,50
10/20/2021,10/15/2021,40,714,412,302,470,244,257,89,155,79,66,57
10/20/2021,10/15/2021,41,714,412,302,454,260,262,110,150,79,77,45
10/20/2021,10/15/2021,42,714,412,302,422,292,246,126,166,79,70,45
10/20/2021,10/15/2021,43,714,412,302,398,316,231,135,181,79,66,42
10/20/2021,10/15/2021,44,714,412,302,431,283,253,124,159,79,76,48
10/20/2021,10/15/2021,45,714,412,302,431,283,251,122,161,79,69,48
10/20/2021,10/15/2021,46,714,412,302,435,279,259,126,153,79,77,47
10/20/2021,10/15/2021,47,714,412,302,427,287,244,119,168,79,72,46
10/20/2021,10/15/2021,48,714,412,302,443,271,258,117,154,79,75,51
10/20/2021,10/15/2021,49,714,412,302,439,275,260,123,152,79,69,45
10/20/2021,10/15/2021,50,714,412,302,446,268,256,112,156,79,76,51
10/20/2021,10/15/2021,51,714,412,302,453,261,254,103,158,79,72,51
10/20/2021,10/15/2021,52,714,412,302,425,289,229,106,183,79,66,51
10/20/2021,10/15/2021,53,714,412,302,447,267,257,112,155,79,71,50
10/20/2021,10/15/2021,54,714,412,302,423,291,240,119,172,79,71,47
10/20/2021,10/15/2021,55,714,412,302,427,287,236,111,176,79,59,52
10/20/2021,10/15/2021,56,714,412,302,391,323,222,133,190,79,56,40
10/20/2021,10/15/2021,57,714,412,302,456,258,270,116,142,79,75,46
10/20/2021,10/15/2021,58,714,412,302,442,272,249,109,163,79,66,51
10/20/2021,10/15/2021,59,714,412,302,433,281,244,113,168,79,69,57
10/20/2021,10/15/2021,60,714,412,302,434,280,249,117,163,79,69,49
10/20/2021,10/15/2021,61,714,412,302,432,282,245,115,167,79,68,48
10/20/2021,10/15/2021,62,714,412,302,444,270,242,100,170,79,70,56
10/20/2021,10/15/2021,63,714,412,302,420,294,248,130,164,79,75,47
10/20/2021,10/15/2021,64,714,412,302,403,311,232,131,180,79,75,46
10/20/2021,10/15/2021,65,714,412,302,465,249,285,122,127,79,79,52
10/20/2021,10/15/2021,66,714,412,302,424,290,246,124,166,79,64,45
10/20/2021,10/15/2021,67,714,412,302,438,276,255,119,157,79,64,43
10/20/2021,10/15/2021,68,714,412,302,437,277,253,118,159,79,70,49
10/20/2021,10/15/2021,69,714,412,302,448,266,252,106,160,79,66,49
10/20/2021,10/15/2021,70,714,412,302,444,270,262,120,150,79,76,44
10/20/2021,10/15/2021,71,714,412,302,397,317,240,145,172,79,67,43
10/20/2021,10/15/2021,72,714,412,302,418,296,238,122,174,79,69,42
10/20/2021,10/15/2021,73,714,412,302,426,288,246,122,166,79,68,48
10/20/2021,10/15/2021,74,714,412,302,418,296,233,117,179,79,65,47
10/20/2021,10/15/2021,75,714,412,302,413,301,232,121,180,79,60,50
10/20/2021,10/15/2021,76,714,412,302,453,261,258,107,154,79,72,54
10/20/2021,10/15/2021,77,714,412,302,420,294,245,127,167,79,66,42
10/20/2021,10/15/2021,78,714,412,302,435,279,252,119,160,79,70,42
10/20/2021,10/15/2021,79,714,412,302,377,337,226,151,186,79,57,43
10/20/2021,10/15/2021,80,714,412,302,428,286,254,128,158,79,75,43
10/20/2021,10/15/2021,81,714,412,302,451,263,255,106,157,79,74,56
10/20/2021,10/15/2021,82,714,412,302,484,230,282,100,130,79,82,55
10/20/2021,10/15/2021,83,714,412,302,434,280,244,112,168,79,70,51
10/20/2021,10/15/2021,84,714,412,302,453,261,251,100,161,79,71,52
10/20/2021,10/15/2021,85,714,412,302,428,286,237,111,175,79,68,55
10/20/2021,10/15/2021,86,714,412,302,440,274,255,117,157,79,74,48
10/20/2021,10/15/2021,87,714,412,302,431,283,250,121,162,79,65,48
10/20/2021,10/15/2021,88,714,412,302,427,287,251,126,161,79,72,52
10/20/2021,10/15/2021,89,714,412,302,464,250,260,98,152,79,74,51
10/20/2021,10/15/2021,90,714,412,302,473,241,277,106,135,79,79,46
