Date,EquityPriceReturns
10/20/2011,0.004375566
10/21/2011,0.01898712
10/24/2011,0.012261221
10/25/2011,-0.019443797
10/26/2011,0.010158733
10/27/2011,0.034834814
10/28/2011,-0.000233179
10/31/2011,-0.024105876
11/1/2011,-0.027888145
11/2/2011,0.016311408
11/3/2011,0.01822699
11/4/2011,-0.006098719
11/7/2011,0.006216115
11/8/2011,0.012830467
11/9/2011,-0.03690946
11/10/2011,0.009418449
11/11/2011,0.018822354
11/14/2011,-0.009474005
11/15/2011,0.004941838
11/16/2011,-0.015862865
11/17/2011,-0.015876746
11/18/2011,-0.001064852
11/21/2011,-0.019019426
11/22/2011,-0.003928077
11/23/2011,-0.02206554
11/25/2011,-0.001887134
11/28/2011,0.028966556
11/29/2011,0.002840237
11/30/2011,0.041149534
12/1/2011,-0.000159906
12/2/2011,-0.00088018
12/5/2011,0.010892052
12/6/2011,0.000317063
12/7/2011,0.003722451
12/8/2011,-0.021936745
12/9/2011,0.016942598
12/12/2011,-0.014597563
12/13/2011,-0.009338907
12/14/2011,-0.010646165
12/15/2011,0.003614283
12/16/2011,0.001482643
12/19/2011,-0.010691787
12/20/2011,0.030260314
12/21/2011,0.001936387
12/22/2011,0.008858962
12/23/2011,0.008940596
12/27/2011,0.000791155
12/28/2011,-0.013123441
12/29/2011,0.010334101
12/30/2011,-0.004915732
1/3/2012,0.015936107
1/4/2012,0.001568606
1/5/2012,0.002662475
1/6/2012,-0.002577381
1/9/2012,0.002427373
1/10/2012,0.008670795
1/11/2012,0.000541914
1/12/2012,0.002399522
1/13/2012,-0.005173676
1/17/2012,0.003881123
1/18/2012,0.011055895
1/19/2012,0.005276266
1/20/2012,0.003727357
1/23/2012,-0.00257651
1/24/2012,-0.001139942
1/25/2012,0.008367976
1/26/2012,-0.005129653
1/27/2012,-0.000455141
1/30/2012,-0.003413751
1/31/2012,-0.000380652
2/1/2012,0.008757271
2/2/2012,0.001585239
2/3/2012,0.014018409
2/6/2012,-0.00066877
2/7/2012,0.002528807
2/8/2012,0.002967607
2/9/2012,0.001257415
2/10/2012,-0.00738747
2/13/2012,0.007442451
2/14/2012,-0.001255835
2/15/2012,-0.004660102
2/16/2012,0.011073081
2/17/2012,0.002645928
2/21/2012,0.000440365
2/22/2012,-0.0032247
2/23/2012,0.004411003
2/24/2012,0.00219585
2/27/2012,0.001679725
2/28/2012,0.002916329
2/29/2012,-0.003925927
3/1/2012,0.005182022
3/2/2012,-0.003049731
3/5/2012,-0.004078187
3/6/2012,-0.014625163
3/7/2012,0.006975805
3/8/2012,0.009949234
3/9/2012,0.003867454
3/12/2012,7.28E-05
3/13/2012,0.018025667
3/14/2012,-0.00107084
3/15/2012,0.005789749
3/16/2012,0.001384469
3/19/2012,0.003920018
3/20/2012,-0.002910586
3/21/2012,-0.001638038
3/22/2012,-0.007203267
3/23/2012,0.003232752
3/26/2012,0.014034915
3/27/2012,-0.003107301
3/28/2012,-0.004958321
3/29/2012,-0.001708694
3/30/2012,0.004135943
4/2/2012,0.007315089
4/3/2012,-0.004089191
4/4/2012,-0.00991084
4/5/2012,-0.000500384
4/9/2012,-0.011231103
4/10/2012,-0.016784882
4/11/2012,0.00809414
4/12/2012,0.013065588
4/13/2012,-0.011888067
4/16/2012,-0.000656236
4/17/2012,0.014811883
4/18/2012,-0.003379696
4/19/2012,-0.00642087
4/20/2012,0.001669991
4/23/2012,-0.008408538
4/24/2012,0.003801255
4/25/2012,0.013691916
4/26/2012,0.006969156
4/27/2012,0.001640657
4/30/2012,-0.003703976
5/1/2012,0.006220341
5/2/2012,-0.002984379
5/3/2012,-0.007625674
5/4/2012,-0.016157893
5/7/2012,0.000730245
5/8/2012,-0.004011913
5/9/2012,-0.00593184
5/10/2012,0.002062828
5/11/2012,-0.003014544
5/14/2012,-0.011060817
5/15/2012,-0.005741795
5/16/2012,-0.003825011
5/17/2012,-0.014830824
5/18/2012,-0.008558742
5/21/2012,0.017188375
5/22/2012,0.001742614
5/23/2012,0.000529655
5/24/2012,0.001965645
5/25/2012,-0.003244655
5/29/2012,0.012112321
5/30/2012,-0.014510441
5/31/2012,-0.00220063
6/1/2012,-0.025176849
6/4/2012,-0.000468025
6/5/2012,0.007571994
6/6/2012,0.022468419
6/7/2012,0.000605878
6/8/2012,0.007951705
6/11/2012,-0.012697267
6/12/2012,0.01149086
6/13/2012,-0.006394956
6/14/2012,0.010600828
6/15/2012,0.010227046
6/18/2012,0.001938246
6/19/2012,0.00967242
6/20/2012,-0.001621259
6/21/2012,-0.022438347
6/22/2012,0.007701627
6/25/2012,-0.016034835
6/26/2012,0.005026137
6/27/2012,0.00901619
6/28/2012,-0.002853625
6/29/2012,0.024926872
7/2/2012,0.003012321
7/3/2012,0.006592997
7/5/2012,-0.00451214
7/6/2012,-0.009503489
7/9/2012,-0.001254765
7/10/2012,-0.008720122
7/11/2012,0.000149169
7/12/2012,-0.004845031
7/13/2012,0.016777583
7/16/2012,-0.002357057
7/17/2012,0.006867062
7/18/2012,0.007406587
7/19/2012,0.002620981
7/20/2012,-0.009148065
7/23/2012,-0.010112659
7/24/2012,-0.008586919
7/25/2012,0.00022431
7/26/2012,0.016497098
7/27/2012,0.018433207
7/30/2012,0
7/31/2012,-0.006994438
8/1/2012,-0.000871415
8/2/2012,-0.006904619
8/3/2012,0.019832927
8/6/2012,0.001937707
8/7/2012,0.00501365
8/8/2012,0.00121151
8/9/2012,0.000853977
8/10/2012,0.001635343
8/13/2012,-0.000496543
8/14/2012,0.000141949
8/15/2012,0.00113634
8/16/2012,0.007378792
8/17/2012,0.001338247
8/20/2012,7.04E-05
8/21/2012,-0.003024282
8/22/2012,0.00042326
8/23/2012,-0.00817975
8/24/2012,0.006043168
8/27/2012,0.000212037
8/28/2012,-0.000989141
8/29/2012,0.000777919
8/30/2012,-0.007207804
8/31/2012,0.004768962
9/4/2012,-0.000921057
9/5/2012,-0.000850837
9/6/2012,0.020296561
9/7/2012,0.003895511
9/10/2012,-0.005681924
9/11/2012,0.002787767
9/12/2012,0.003335172
9/13/2012,0.015236333
9/14/2012,0.004434324
9/17/2012,-0.003396074
9/18/2012,-0.000817542
9/19/2012,0.00054564
9/20/2012,6.84E-05
9/21/2012,-0.000418179
9/24/2012,-0.001508364
9/25/2012,-0.010641944
9/26/2012,-0.00562099
9/27/2012,0.009421674
9/28/2012,-0.00463256
10/1/2012,0.002639406
10/2/2012,0.001039396
10/3/2012,0.004082891
10/4/2012,0.007168072
10/5/2012,6.84E-05
10/8/2012,-0.003421285
10/9/2012,-0.009887425
10/10/2012,-0.006380195
10/11/2012,0.000558243
10/12/2012,-0.003277986
10/15/2012,0.00832737
10/16/2012,0.010133822
10/17/2012,0.004534913
10/18/2012,-0.002599332
10/19/2012,-0.016664249
10/22/2012,0.000139375
10/23/2012,-0.013876387
10/24/2012,-0.002828442
10/25/2012,0.002907356
10/26/2012,-0.000565354
10/31/2012,0
11/1/2012,0.010470538
11/2/2012,-0.00889233
11/5/2012,0.00204863
11/6/2012,0.007825643
11/7/2012,-0.02266388
11/8/2012,-0.012024023
11/9/2012,0.000869119
11/12/2012,0.000796268
11/13/2012,-0.003471612
11/14/2012,-0.013498521
11/15/2012,-0.001692208
11/16/2012,0.004937423
11/19/2012,0.020239323
11/20/2012,0.000431383
11/21/2012,0.001867456
11/23/2012,0.013625371
11/26/2012,-0.002122782
11/27/2012,-0.005104269
11/28/2012,0.008052429
11/29/2012,0.004665645
11/30/2012,0.000211026
12/3/2012,-0.00492437
12/4/2012,-0.001414274
12/5/2012,0.00177041
12/6/2012,0.003391724
12/7/2012,0.00302884
12/10/2012,0.000421193
12/11/2012,0.006808707
12/12/2012,0.000487863
12/13/2012,-0.00613204
12/14/2012,-0.003715687
12/17/2012,0.011752154
12/18/2012,0.011128776
12/19/2012,-0.007429469
12/20/2012,0.005752472
12/21/2012,-0.00907701
12/24/2012,-0.003081668
12/26/2012,-0.004214593
12/27/2012,-0.001340844
12/28/2012,-0.010808101
12/31/2012,0.016996671
1/2/2013,0.025630538
1/3/2013,-0.002259537
1/4/2013,0.004391777
1/7/2013,-0.002733236
1/8/2013,-0.002877045
1/9/2013,0.002541805
1/10/2013,0.007949801
1/11/2013,-6.79E-05
1/14/2013,-0.000680409
1/15/2013,0.000680873
1/16/2013,-0.000136217
1/17/2013,0.006460507
1/18/2013,0.002229433
1/22/2013,0.005393877
1/23/2013,0.001608757
1/24/2013,0.000268057
1/25/2013,0.005621727
1/28/2013,-0.001197005
1/29/2013,0.003930912
1/30/2013,-0.003915521
1/31/2013,-0.002466147
2/1/2013,0.010287255
2/4/2013,-0.011240583
2/5/2013,0.010097855
2/6/2013,0.000728258
2/7/2013,-0.001323461
2/8/2013,0.005564902
2/11/2013,-0.000197484
2/12/2013,0.001647009
2/13/2013,0.000854918
2/14/2013,0.000920614
2/15/2013,-0.001182153
2/19/2013,0.007494761
2/20/2013,-0.012463629
2/21/2013,-0.00607911
2/22/2013,0.009772473
2/25/2013,-0.019026295
2/26/2013,0.006845207
2/27/2013,0.012598084
2/28/2013,-0.001974829
3/1/2013,0.003298329
3/4/2013,0.005324976
3/5/2013,0.008958799
3/6/2013,0.001361126
3/7/2013,0.00181229
3/8/2013,0.004264131
3/11/2013,0.003795982
3/12/2013,-0.002243667
3/13/2013,0.001413546
3/14/2013,0.005323562
3/15/2013,-0.001319935
3/18/2013,-0.005519102
3/19/2013,-0.002322853
3/20/2013,0.006985363
3/21/2013,-0.008542711
3/22/2013,0.008033252
3/25/2013,-0.004177346
3/26/2013,0.008002431
3/27/2013,0
3/28/2013,0.003073634
4/1/2013,-0.003957974
4/2/2013,0.004934571
4/3/2013,-0.010139093
4/4/2013,0.004058587
4/5/2013,-0.004491442
4/8/2013,0.006767443
4/9/2013,0.003456964
4/10/2013,0.012248436
4/11/2013,0.00327767
4/12/2013,-0.002449996
4/15/2013,-0.023173608
4/16/2013,0.014762612
4/17/2013,-0.01461177
4/18/2013,-0.006253553
4/19/2013,0.008693428
4/22/2013,0.004437818
4/23/2013,0.010309236
4/24/2013,0.000633745
4/25/2013,0.004054084
4/26/2013,-0.001766769
4/29/2013,0.006699193
4/30/2013,0.002384915
5/1/2013,-0.008767539
5/2/2013,0.009287366
5/3/2013,0.01014108
5/6/2013,0.002540939
5/7/2013,0.005068666
5/8/2013,0.004550695
5/9/2013,-0.002816106
5/10/2013,0.003253625
5/13/2013,0.000795868
5/14/2013,0.010333674
5/15/2013,0.005386508
5/16/2013,-0.004695258
5/17/2013,0.009677263
5/20/2013,-6.03E-05
5/21/2013,0.001437404
5/22/2013,-0.00741714
5/23/2013,-0.002893105
5/24/2013,-0.000846004
5/28/2013,0.00598867
5/29/2013,-0.00649433
5/30/2013,0.003692362
5/31/2013,-0.01435246
6/3/2013,0.005506399
6/4/2013,-0.004806829
6/5/2013,-0.014000841
6/6/2013,0.00905356
6/7/2013,0.012720084
6/10/2013,0
6/11/2013,-0.010315397
6/12/2013,-0.00827754
6/13/2013,0.015208936
6/14/2013,-0.006272467
6/17/2013,0.007721822
6/18/2013,0.007905339
6/19/2013,-0.013817116
6/20/2013,-0.02477803
6/21/2013,0.003210224
6/24/2013,-0.012635603
6/25/2013,0.009613995
6/26/2013,0.009900946
6/27/2013,0.005869826
6/28/2013,-0.004097284
7/1/2013,0.005859247
7/2/2013,-0.000929334
7/3/2013,0.000434277
7/5/2013,0.010788826
7/8/2013,0.005704619
7/9/2013,0.00719719
7/10/2013,0.000363355
7/11/2013,0.013621015
7/12/2013,0.000417692
7/15/2013,0.003820823
7/16/2013,-0.003746861
7/17/2013,0.00256705
7/18/2013,0.005477784
7/19/2013,0.001776643
7/22/2013,0.001950673
7/23/2013,-0.002123711
7/24/2013,-0.003665859
7/25/2013,0.002433242
7/26/2013,0.001065226
7/29/2013,-0.00307496
7/30/2013,0
7/31/2013,0.0007119
8/1/2013,0.011558283
8/2/2013,0.001699254
8/5/2013,-0.001462278
8/6/2013,-0.005682607
8/7/2013,-0.003240639
8/8/2013,0.003664783
8/9/2013,-0.002885627
8/12/2013,-0.001181281
8/13/2013,0.002956587
8/14/2013,-0.005129322
8/15/2013,-0.013986191
8/16/2013,-0.003305246
8/19/2013,-0.006392383
8/20/2013,0.00491606
8/21/2013,-0.006160026
8/22/2013,0.009114897
8/23/2013,0.003372318
8/26/2013,-0.003720875
8/27/2013,-0.016084271
8/28/2013,0.003551028
8/29/2013,0.001586147
8/30/2013,-0.003167597
9/3/2013,0.004522231
9/4/2013,0.00827257
9/5/2013,0.001267361
9/6/2013,0.000481513
9/9/2013,0.009576614
9/10/2013,0.00739691
9/11/2013,0.003138602
9/12/2013,-0.002656732
9/13/2013,0.002249215
9/16/2013,0.005787696
9/17/2013,0.004462298
9/18/2013,0.011574463
9/19/2013,-0.001675785
9/20/2013,-0.006991477
9/23/2013,-0.0046279
9/24/2013,-0.002353598
9/25/2013,-0.002890237
9/26/2013,0.003845283
9/27/2013,-0.004596769
9/30/2013,-0.00532815
10/1/2013,0.007915992
10/2/2013,-0.000944992
10/3/2013,-0.009220626
10/4/2013,0.007576601
10/7/2013,-0.008644802
10/8/2013,-0.011646568
10/9/2013,0.000725196
10/10/2013,0.021557939
10/11/2013,0.006443273
10/14/2013,0.003993861
10/15/2013,-0.007254018
10/16/2013,0.01396558
10/17/2013,0.006683445
10/18/2013,0.006754487
10/21/2013,5.74E-05
10/22/2013,0.005791312
10/23/2013,-0.004788892
10/24/2013,0.003322547
10/25/2013,0.004567717
10/28/2013,0.001591028
10/29/2013,0.005334227
10/30/2013,-0.0049671
10/31/2013,-0.002836412
11/1/2013,0.002389069
11/4/2013,0.003518838
11/5/2013,-0.003166723
11/6/2013,0.005105778
11/7/2013,-0.012643484
11/8/2013,0.013491205
11/11/2013,0.000169046
11/12/2013,-0.002030418
11/13/2013,0.008024722
11/14/2013,0.004989347
11/15/2013,0.004351123
11/18/2013,-0.003499208
11/19/2013,-0.002173694
11/20/2013,-0.003127909
11/21/2013,0.008068544
11/22/2013,0.00500228
11/25/2013,-0.000995122
11/26/2013,0.000276698
11/27/2013,0.002435451
11/29/2013,-0.000662671
12/2/2013,-0.002596825
12/3/2013,-0.004320558
12/4/2013,-0.000111221
12/5/2013,-0.004395505
12/6/2013,0.01117713
12/9/2013,0.002541754
12/10/2013,-0.003582791
12/11/2013,-0.011231014
12/12/2013,-0.003301226
12/13/2013,-0.000112233
12/16/2013,0.006232206
12/17/2013,-0.003180862
12/18/2013,0.017072827
12/19/2013,-0.001155876
12/20/2013,0.00581659
12/23/2013,0.005342449
12/24/2013,0.002191585
12/26/2013,0.005084174
12/27/2013,-5.44E-05
12/30/2013,-0.000163191
12/31/2013,0.004732833
1/2/2014,-0.009583718
1/3/2014,-0.000163925
1/6/2014,-0.002898208
1/7/2014,0.006141829
1/8/2014,0.000217995
1/9/2014,0.000654035
1/10/2014,0.002722705
1/13/2014,-0.01330478
1/14/2014,0.010897584
1/15/2014,0.005389813
1/16/2014,-0.001299707
1/17/2014,-0.004229375
1/21/2014,0.002940606
1/22/2014,0.000651403
1/23/2014,-0.008193193
1/24/2014,-0.021335839
1/27/2014,-0.004919335
1/28/2014,0.005955123
1/29/2014,-0.009605512
1/30/2014,0.010600492
1/31/2014,-0.005858425
2/3/2014,-0.022505296
2/4/2014,0.0070045
2/5/2014,-0.001254427
2/6/2014,0.013187263
2/7/2014,0.012395646
2/10/2014,0.001836566
2/11/2014,0.010943674
2/12/2014,0.000494701
2/13/2014,0.005163377
2/14/2014,0.005518577
2/18/2014,0.001195309
2/19/2014,-0.006621561
2/20/2014,0.005901233
2/21/2014,-0.001140882
2/24/2014,0.005546906
2/25/2014,-0.000378564
2/26/2014,5.40E-05
2/27/2014,0.005247648
2/28/2014,0.002529017
3/3/2014,-0.007032044
3/4/2014,0.014055718
3/5/2014,0.000906392
3/6/2014,0.002290171
3/7/2014,0.000425006
3/10/2014,-0.000531103
3/11/2014,-0.004942293
3/12/2014,0.000266635
3/13/2014,-0.011213313
3/14/2014,-0.002807822
3/17/2014,0.00904382
3/18/2014,0.007137531
3/19/2014,-0.00532848
3/20/2014,0.005839511
3/21/2014,-0.003878589
3/24/2014,-0.004135318
3/25/2014,0.004745743
3/26/2014,-0.007192427
3/27/2014,-0.002108308
3/28/2014,0.004929905
3/31/2014,0.008194431
4/1/2014,0.006630759
4/2/2014,0.003346776
4/3/2014,-0.001323727
4/4/2014,-0.011822142
4/7/2014,-0.011051494
4/8/2014,0.004122585
4/9/2014,0.01075108
4/10/2014,-0.021005812
4/11/2014,-0.009008322
4/14/2014,0.007877982
4/15/2014,0.006887646
4/16/2014,0.01047794
4/17/2014,0.001396747
4/21/2014,0.003487044
4/22/2014,0.004544816
4/23/2014,-0.002341945
4/24/2014,0.002027234
4/25/2014,-0.008199051
4/28/2014,0.003167092
4/29/2014,0.004655768
4/30/2014,0.002982615
5/1/2014,0.000106155
5/2/2014,-0.001433923
5/5/2014,0.001914737
5/6/2014,-0.008704214
5/7/2014,0.005889185
5/8/2014,-0.001064637
5/9/2014,0.001492193
5/12/2014,0.009735917
5/13/2014,0.000895792
5/14/2014,-0.004737805
5/15/2014,-0.008780299
5/16/2014,0.003468626
5/19/2014,0.003669334
5/20/2014,-0.006305429
5/21/2014,0.008424839
5/22/2014,0.002432099
5/23/2014,0.004008703
5/27/2014,0.006146341
5/28/2014,-0.000730723
5/29/2014,0.005172824
5/30/2014,0.001611547
6/2/2014,0.001141771
6/3/2014,-0.00051842
6/4/2014,0.002022868
6/5/2014,0.006521846
6/6/2014,0.004783108
6/9/2014,0.001023408
6/10/2014,0.00010221
6/11/2014,-0.003476378
6/12/2014,-0.007079745
6/13/2014,0.003048362
6/16/2014,0.000824325
6/17/2014,0.002779239
6/18/2014,0.007339748
6/19/2014,0.001120675
6/20/2014,0.002030437
6/23/2014,-0.000306034
6/24/2014,-0.006024195
6/25/2014,0.004519804
6/26/2014,-0.000715899
6/27/2014,0.001944305
6/30/2014,-0.000510756
7/1/2014,0.006693282
7/2/2014,0.001015061
7/3/2014,0.004918185
7/7/2014,-0.003481419
7/8/2014,-0.006429926
7/9/2014,0.004484246
7/10/2014,-0.00395684
7/11/2014,0.001374836
7/14/2014,0.005035418
7/15/2014,-0.001872401
7/16/2014,0.003701347
7/17/2014,-0.011366005
7/18/2014,0.010219069
7/21/2014,-0.001871183
7/22/2014,0.004357904
7/23/2014,0.002219686
7/24/2014,5.05E-05
7/25/2014,-0.004681408
7/28/2014,0.000404519
7/29/2014,-0.004297347
7/30/2014,0.000152365
7/31/2014,-0.019748075
8/1/2014,-0.003055937
8/4/2014,0.007221096
8/5/2014,-0.009696183
8/6/2014,0.00031257
8/7/2014,-0.005414895
8/8/2014,0.011569034
8/11/2014,0.002897822
8/12/2014,-0.001393126
8/13/2014,0.006768843
8/14/2014,0.004721852
8/15/2014,-0.000204329
8/18/2014,0.008379477
8/19/2014,0.005218688
8/20/2014,0.002671692
8/21/2014,0.002915619
8/22/2014,-0.001553909
8/25/2014,0.005070602
8/26/2014,0.000649648
8/27/2014,-0.00039951
8/28/2014,-0.000549524
8/29/2014,0.002848013
9/2/2014,-0.000497963
9/3/2014,-0.000548364
9/4/2014,-0.001446409
9/5/2014,0.004495046
9/8/2014,-0.002585442
9/9/2014,-0.00633137
9/10/2014,0.0037627
9/11/2014,0.001149627
9/12/2014,-0.005841118
9/15/2014,-0.00075375
9/16/2014,0.007538966
9/17/2014,0.001346357
9/18/2014,0.005330163
9/19/2014,-0.000900802
9/22/2014,-0.007723079
9/23/2014,-0.005724381
9/24/2014,0.007827911
9/25/2014,-0.016135271
9/26/2014,0.007945053
9/29/2014,-0.001819062
9/30/2014,-0.002632176
10/1/2014,-0.013551943
10/2/2014,0.000154223
10/3/2014,0.011009697
10/6/2014,-0.001170708
10/7/2014,-0.015436327
10/8/2014,0.017489531
10/9/2014,-0.019833216
10/10/2014,-0.011414488
10/13/2014,-0.016426999
10/14/2014,0.001547578
10/15/2014,-0.006766142
10/16/2014,-0.00085815
10/17/2014,0.011810496
10/20/2014,0.009710071
10/21/2014,0.019810599
10/22/2014,-0.007110865
10/23/2014,0.011625336
10/24/2014,0.007694546
10/27/2014,-0.001374285
10/28/2014,0.01147056
10/29/2014,-0.001512338
10/30/2014,0.006410428
10/31/2014,0.011435557
11/3/2014,0.000545389
11/4/2014,-0.003469166
11/5/2014,0.006316145
11/6/2014,0.004003207
11/7/2014,0.00093515
11/10/2014,0.003147399
11/11/2014,0.00098061
11/12/2014,-0.001077487
11/13/2014,0.001127662
11/14/2014,0.000245135
11/17/2014,0.000636222
11/18/2014,0.005774088
11/19/2014,-0.001605796
11/20/2014,0.001754602
11/21/2014,0.005350317
11/24/2014,0.002806492
11/25/2014,-0.000723839
11/26/2014,0.002559154
11/28/2014,-0.002119147
12/1/2014,-0.006949827
12/2/2014,0.00646369
12/3/2014,0.003863113
12/4/2014,-0.001105926
12/5/2014,0.001637116
12/8/2014,-0.006682786
12/9/2014,-0.000677647
12/10/2014,-0.016031451
12/11/2014,0.005069945
12/12/2014,-0.01616133
12/15/2014,-0.006869458
12/16/2014,-0.008019593
12/17/2014,0.019604656
12/18/2014,0.024729089
12/19/2014,0.004254824
12/22/2014,0.004599782
12/23/2014,0.001349698
12/24/2014,9.63E-05
12/26/2014,0.003224693
12/29/2014,0.001343417
12/30/2014,-0.005366292
12/31/2014,-0.009922706
1/2/2015,-0.000535022
1/5/2015,-0.01805992
1/6/2015,-0.009418815
1/7/2015,0.012461071
1/8/2015,0.017745222
1/9/2015,-0.008013815
1/12/2015,-0.007833565
1/13/2015,-0.00281266
1/14/2015,-0.006037174
1/15/2015,-0.009161037
1/16/2015,0.013114716
1/20/2015,0.002132278
1/21/2015,0.005048222
1/22/2015,0.01487081
1/23/2015,-0.005482833
1/26/2015,0.002341832
1/27/2015,-0.013190198
1/28/2015,-0.012824351
1/29/2015,0.009243583
1/30/2015,-0.012575017
2/2/2015,0.0123838
2/3/2015,0.014461382
2/4/2015,-0.00380767
2/5/2015,0.010094842
2/6/2015,-0.002765141
2/9/2015,-0.004475879
2/10/2015,0.010653217
2/11/2015,0.000580312
2/12/2015,0.009616675
2/13/2015,0.004116581
2/17/2015,0.001572954
2/18/2015,9.53E-05
2/19/2015,-0.000713743
2/20/2015,0.006000666
2/23/2015,-0.000142261
2/24/2015,0.002840867
2/25/2015,-0.000849797
2/26/2015,-0.001181413
2/27/2015,-0.003406347
3/2/2015,0.00631388
3/3/2015,-0.004104189
3/4/2015,-0.004215615
3/5/2015,0.001094205
3/6/2015,-0.014064676
3/9/2015,0.004144585
3/10/2015,-0.016221874
3/11/2015,-0.002341633
3/12/2015,0.012713896
3/13/2015,-0.006132287
3/16/2015,0.013360483
3/17/2015,-0.002972267
3/18/2015,0.012021542
3/19/2015,-0.004561486
3/20/2015,0.008826714
3/23/2015,-0.001948664
3/24/2015,-0.005618706
3/25/2015,-0.014653758
3/26/2015,-0.002381639
3/27/2015,0.002289627
3/30/2015,0.01219968
3/31/2015,-0.008739302
4/1/2015,-0.003536347
4/2/2015,0.003597434
4/6/2015,0.006733226
4/7/2015,-0.002646321
4/8/2015,0.003377011
4/9/2015,0.004423493
4/10/2015,0.005457119
4/13/2015,-0.004522712
4/14/2015,0.001912969
4/15/2015,0.004486844
4/16/2015,-0.000284921
4/17/2015,-0.011503305
4/20/2015,0.00913658
4/21/2015,-0.001191235
4/22/2015,0.004914015
4/23/2015,0.00251634
4/24/2015,0.002320243
4/27/2015,-0.004157775
4/28/2015,0.003179068
4/29/2015,-0.004114684
4/30/2015,-0.010020649
5/1/2015,0.010841652
5/4/2015,0.002847257
5/5/2015,-0.011451837
5/6/2015,-0.004117004
5/7/2015,0.003989719
5/8/2015,0.013166218
5/11/2015,-0.004772752
5/12/2015,-0.00299137
5/13/2015,0.000190765
5/14/2015,0.010427445
5/15/2015,0.001083728
5/18/2015,0.003106836
5/19/2015,-0.000328607
5/20/2015,-0.000703974
5/21/2015,0.002912572
5/22/2015,-0.002388906
5/26/2015,-0.010751853
5/27/2015,0.009492578
5/28/2015,-0.001128738
5/29/2015,-0.006212926
6/1/2015,0.002036745
6/2/2015,-0.000992708
6/3/2015,0.002649687
6/4/2015,-0.008446616
6/5/2015,-0.0017132
6/8/2015,-0.006149728
6/9/2015,-0.000143834
6/10/2015,0.011993095
6/11/2015,0.003223766
6/12/2015,-0.007654798
6/15/2015,-0.004285652
6/16/2015,0.005451638
6/17/2015,0.001617086
6/18/2015,0.010399551
6/19/2015,-0.004439268
6/22/2015,0.005122969
6/23/2015,0.000707818
6/24/2015,-0.007262791
6/25/2015,-0.003040238
6/26/2015,-0.000190359
6/29/2015,-0.020970741
6/30/2015,0.002093517
7/1/2015,0.008015454
7/2/2015,-0.000915814
7/6/2015,-0.002845648
7/7/2015,0.006288535
7/8/2015,-0.016777204
7/9/2015,0.001809059
7/10/2015,0.01259172
7/13/2015,0.011036971
7/14/2015,0.004338093
7/15/2015,-0.00033232
7/16/2015,0.008024386
7/17/2015,0.00084758
7/20/2015,0.000517841
7/21/2015,-0.003951214
7/22/2015,-0.001794703
7/23/2015,-0.005629795
7/24/2015,-0.010372011
7/27/2015,-0.00581745
7/28/2015,0.012283368
7/29/2015,0.00687889
7/30/2015,0.000237247
7/31/2015,-0.001518137
8/3/2015,-0.003372599
8/4/2015,-0.001954533
8/5/2015,0.003295569
8/6/2015,-0.008187558
8/7/2015,-0.001919941
8/10/2015,0.012599143
8/11/2015,-0.009023229
8/12/2015,0.001197928
8/13/2015,-0.001244299
8/14/2015,0.003642149
8/17/2015,0.005586918
8/18/2015,-0.002896664
8/19/2015,-0.007905447
8/20/2015,-0.020881294
8/21/2015,-0.03010246
8/24/2015,-0.04210708
8/25/2015,-0.011767599
8/26/2015,0.038393635
8/27/2015,0.024735446
8/28/2015,4.98E-05
8/31/2015,-0.008078991
9/1/2015,-0.02984763
9/2/2015,0.018981112
9/3/2015,0.000716403
9/4/2015,-0.01513681
9/8/2015,0.025131192
9/9/2015,-0.013371919
9/10/2015,0.005441751
9/11/2015,0.004544435
9/14/2015,-0.003710527
9/15/2015,0.012499469
9/16/2015,0.008666619
9/17/2015,-0.002248185
9/18/2015,-0.016341352
9/21/2015,0.005167708
9/22/2015,-0.012979846
9/23/2015,-0.001598588
9/24/2015,-0.003615853
9/25/2015,-0.000259035
9/28/2015,-0.025097631
9/29/2015,0.00058539
9/30/2015,0.018658281
10/1/2015,0.002609304
10/2/2015,0.014937747
10/5/2015,0.017794772
10/6/2015,-0.003426147
10/7/2015,0.008190276
10/8/2015,0.009026921
10/9/2015,0.000596281
10/12/2015,0.000943831
10/13/2015,-0.00630223
10/14/2015,-0.004794139
10/15/2015,0.015354568
10/16/2015,0.00454697
10/19/2015,0.000491641
10/20/2015,-0.00127836
10/21/2015,-0.00620339
10/22/2015,0.016893604
10/23/2015,0.010961664
10/26/2015,-0.002457667
10/27/2015,-0.001932448
10/28/2015,0.011374615
10/29/2015,-0.000574193
10/30/2015,-0.004309741
11/2/2015,0.011830756
11/3/2015,0.002899271
11/4/2015,-0.003032963
11/5/2015,-0.000998184
11/6/2015,-0.000523636
11/9/2015,-0.00933123
11/10/2015,0.002306622
11/11/2015,-0.003931591
11/12/2015,-0.013959925
11/13/2015,-0.011228243
11/16/2015,0.015206881
11/17/2015,-0.000729697
11/18/2015,0.015866244
11/19/2015,-0.000862198
11/20/2015,0.00364405
11/23/2015,-0.001146656
11/24/2015,0.001339043
11/25/2015,-0.000143111
11/27/2015,0.001146602
11/30/2015,-0.004151598
12/1/2015,0.009535892
12/2/2015,-0.01020523
12/3/2015,-0.014002824
12/4/2015,0.019503025
12/7/2015,-0.006058704
12/8/2015,-0.006719497
12/9/2015,-0.007779751
12/10/2015,0.002581243
12/11/2015,-0.019381125
12/14/2015,0.005052412
12/15/2015,0.01049785
12/16/2015,0.014631948
12/17/2015,-0.015238035
12/18/2015,-0.017814953
12/21/2015,0.008248902
12/22/2015,0.00907407
12/23/2015,0.012383381
12/24/2015,-0.001650087
12/28/2015,-0.002285243
12/29/2015,0.010671885
12/30/2015,-0.007087633
12/31/2015,-0.01000324
1/4/2016,-0.013979444
1/5/2016,0.001691044
1/6/2016,-0.012614014
1/7/2016,-0.023991644
1/8/2016,-0.010976486
1/11/2016,0.000989998
1/12/2016,0.008068331
1/13/2016,-0.024940839
1/14/2016,0.016417321
1/15/2016,-0.02146652
1/19/2016,0.001331264
1/20/2016,-0.012815231
1/21/2016,0.005602102
1/22/2016,0.020515267
1/25/2016,-0.015116398
1/26/2016,0.013642871
1/27/2016,-0.010883176
1/28/2016,0.005209195
1/29/2016,0.024377464
2/1/2016,-0.000361449
2/2/2016,-0.01802226
2/3/2016,0.005995144
2/4/2016,0.001568141
2/5/2016,-0.019050408
2/8/2016,-0.013460918
2/9/2016,5.41E-05
2/10/2016,-0.000862933
2/11/2016,-0.013008034
2/12/2016,0.020616987
2/16/2016,0.016878089
2/17/2016,0.016334602
2/18/2016,-0.004095752
2/19/2016,-0.000468057
2/22/2016,0.014478916
2/23/2016,-0.012629685
2/24/2016,0.004575792
2/25/2016,0.012111689
2/26/2016,-0.002301338
2/29/2016,-0.007842269
3/1/2016,0.023506644
3/2/2016,0.004492599
3/3/2016,0.003919562
3/4/2016,0.003253662
3/7/2016,0.000798183
3/8/2016,-0.010917764
3/9/2016,0.00493946
3/10/2016,0.000802301
3/11/2016,0.016137433
3/14/2016,-0.001282487
3/15/2016,-0.001629576
3/16/2016,0.00578724
3/17/2016,0.006343906
3/18/2016,0.00392957
3/21/2016,0.001419114
3/22/2016,-0.00053726
3/23/2016,-0.006599725
3/24/2016,-0.000443248
3/28/2016,0.000591231
3/29/2016,0.009250015
3/30/2016,0.00438775
3/31/2016,-0.002427109
4/1/2016,0.006812143
4/4/2016,-0.003238116
4/5/2016,-0.009987552
4/6/2016,0.01092094
4/7/2016,-0.011965867
4/8/2016,0.002696859
4/11/2016,-0.002347151
4/12/2016,0.00931263
4/13/2016,0.010101289
4/14/2016,4.80E-05
4/15/2016,-0.001105884
4/18/2016,0.007026667
4/19/2016,0.003154284
4/20/2016,0.000952994
4/21/2016,-0.00537847
4/22/2016,0
4/25/2016,-0.00172291
4/26/2016,0.001486162
4/27/2016,0.002058209
4/28/2016,-0.009075695
4/29/2016,-0.005398833
5/2/2016,0.007948401
5/3/2016,-0.008703301
5/4/2016,-0.005578223
5/5/2016,-0.000194931
5/6/2016,0.003659107
5/9/2016,0.000826192
5/10/2016,0.012433737
5/11/2016,-0.009354544
5/12/2016,0.000290491
5/13/2016,-0.008714078
5/16/2016,0.009865058
5/17/2016,-0.009333584
5/18/2016,0.000292831
5/19/2016,-0.003464741
5/20/2016,0.006317267
5/23/2016,-0.001362562
5/24/2016,0.012962325
5/25/2016,0.006782968
5/26/2016,0.000286713
5/27/2016,0.0042993
5/31/2016,-0.001902504
6/1/2016,0.002049024
6/2/2016,0.003043845
6/3/2016,-0.002986978
6/6/2016,0.005088596
6/7/2016,0.001560996
6/8/2016,0.003259815
6/9/2016,-0.001365722
6/10/2016,-0.009477516
6/13/2016,-0.007711815
6/14/2016,-0.00196679
6/15/2016,-0.001393903
6/16/2016,0.002984383
6/17/2016,-0.00372418
6/20/2016,0.006439997
6/21/2016,0.002838788
6/22/2016,-0.001631248
6/23/2016,0.013022558
6/24/2016,-0.035909221
6/27/2016,-0.01790988
6/28/2016,0.018036052
6/29/2016,0.017027815
6/30/2016,0.013645477
7/1/2016,0.002100216
7/5/2016,-0.007193172
7/6/2016,0.005997741
7/7/2016,-0.000619815
7/8/2016,0.014890232
7/11/2016,0.003527034
7/12/2016,0.007263348
7/13/2016,-0.000139478
7/14/2016,0.005583336
7/15/2016,-0.001341765
7/18/2016,0.002687447
7/19/2016,-0.001016636
7/20/2016,0.004163058
7/21/2016,-0.003777292
7/22/2016,0.004485058
7/25/2016,-0.002716084
7/26/2016,0.000461588
7/27/2016,-0.001060916
7/28/2016,0.001154664
7/29/2016,0.001614665
8/1/2016,-0.000829123
8/2/2016,-0.006407302
8/3/2016,0.002922754
8/4/2016,0.001064024
8/5/2016,0.008179037
8/8/2016,-0.000595995
8/9/2016,0.000596351
8/10/2016,-0.002475359
8/11/2016,0.004640807
8/12/2016,-0.000869027
8/15/2016,0.002883668
8/16/2016,-0.005157616
8/17/2016,0.001881031
8/18/2016,0.002244154
8/19/2016,-0.001462337
8/22/2016,-4.57E-05
8/23/2016,0.002013471
8/24/2016,-0.005114802
8/25/2016,-0.000688646
8/26/2016,-0.001883431
8/29/2016,0.004924234
8/30/2016,-0.001648367
8/31/2016,-0.002844219
9/1/2016,4.61E-05
9/2/2016,0.004507845
9/6/2016,0.003022535
9/7/2016,-9.13E-05
9/8/2016,-0.002282843
9/9/2016,-0.023935106
9/12/2016,0.014347602
9/13/2016,-0.01437563
9/14/2016,-0.000375178
9/15/2016,0.009992868
9/16/2016,-0.003865536
9/19/2016,0.000187424
9/20/2016,4.70E-05
9/21/2016,0.011245329
9/22/2016,0.006301636
9/23/2016,-0.005479305
9/26/2016,-0.008102147
9/27/2016,0.006207858
9/28/2016,0.004963617
9/29/2016,-0.009047329
9/30/2016,0.007546117
10/3/2016,-0.002404129
10/4/2016,-0.005097726
10/5/2016,0.004425197
10/6/2016,0.000695571
10/7/2016,-0.00342936
10/10/2016,0.005208447
10/11/2016,-0.012629678
10/12/2016,0.00131215
10/13/2016,-0.003275762
10/14/2016,0.000516543
10/17/2016,-0.003472319
10/18/2016,0.00626262
10/19/2016,0.002666918
10/20/2016,-0.001866752
10/21/2016,0.000467561
10/24/2016,0.004252705
10/25/2016,-0.003350242
10/26/2016,-0.00200785
10/27/2016,-0.002667014
10/28/2016,-0.002955271
10/31/2016,4.70E-05
11/1/2016,-0.007245444
11/2/2016,-0.006018564
11/3/2016,-0.00457715
11/4/2016,-0.001101723
11/7/2016,0.022057239
11/8/2016,0.004503845
11/9/2016,0.010602008
11/10/2016,0.002495456
11/11/2016,-0.00230481
11/14/2016,0.000785463
11/15/2016,0.007802785
11/16/2016,-0.001878479
11/17/2016,0.005140947
11/18/2016,-0.002237617
11/21/2016,0.0075514
11/22/2016,0.001953312
11/23/2016,0.000543894
11/25/2016,0.003715612
11/28/2016,-0.004694878
11/29/2016,0.00195016
11/30/2016,-0.002399197
12/1/2016,-0.00367513
12/2/2016,0.00050073
12/5/2016,0.006008565
12/6/2016,0.003167632
12/7/2016,0.013080534
12/8/2016,0.002448919
12/9/2016,0.006040502
12/12/2016,-0.001147918
12/13/2016,0.006673982
12/14/2016,-0.008254225
12/15/2016,0.004117146
12/16/2016,-0.00195571
12/19/2016,0.002177474
12/20/2016,0.003857604
12/21/2016,-0.002782782
12/22/2016,-0.001727443
12/23/2016,0.00146403
12/27/2016,0.00248126
12/28/2016,-0.008264372
12/29/2016,-0.000222847
12/30/2016,-0.003655145
1/3/2017,0.007650161
1/4/2017,0.005948936
1/5/2017,-0.000794166
1/6/2017,0.003577726
1/9/2017,-0.003300861
1/10/2017,0
1/11/2017,0.002825841
1/12/2017,-0.002509894
1/13/2017,0.002295677
1/17/2017,-0.003523507
1/18/2017,0.002210034
1/19/2017,-0.003704453
1/20/2017,0.003673882
1/23/2017,-0.002602098
1/24/2017,0.006411837
1/25/2017,0.00865536
1/26/2017,-0.001045507
1/27/2017,-0.001569866
1/30/2017,-0.006201467
1/31/2017,-8.79E-05
2/1/2017,0.000395462
2/2/2017,0.000659158
2/3/2017,0.006892716
2/6/2017,-0.001787627
2/7/2017,4.38E-05
2/8/2017,0.001310353
2/9/2017,0.005932391
2/10/2017,0.00394642
2/13/2017,0.005442574
2/14/2017,0.003995349
2/15/2017,0.005220246
2/16/2017,-0.000851332
2/17/2017,0.001576355
2/21/2017,0.005955223
2/22/2017,-0.000888041
2/23/2017,0.000677257
2/24/2017,0.001268788
2/27/2017,0.001562834
2/28/2017,-0.002699267
3/1/2017,0.013997613
3/2/2017,-0.006297282
3/3/2017,0.000629486
3/6/2017,-0.002977937
3/7/2017,-0.002986971
3/8/2017,-0.00185652
3/9/2017,0.001268144
3/10/2017,0.00350418
3/13/2017,0.00050493
3/14/2017,-0.003826632
3/15/2017,0.008653532
3/16/2017,-0.001966936
3/17/2017,-0.001756315
3/20/2017,-0.001096776
3/21/2017,-0.012839435
3/22/2017,0.002353044
3/23/2017,-0.001067003
3/24/2017,-0.000726397
3/27/2017,-0.001026409
3/28/2017,0.007276858
3/29/2017,0.000934915
3/30/2017,0.003184027
3/31/2017,-0.002327412
4/3/2017,-0.001739281
4/4/2017,0.000637331
4/5/2017,-0.002972553
4/6/2017,0.002811124
4/7/2017,-0.00101938
4/10/2017,0.000595345
4/11/2017,-0.001189911
4/12/2017,-0.004381788
4/13/2017,-0.00649502
4/17/2017,0.008859902
4/18/2017,-0.002984155
4/19/2017,-0.001838631
4/20/2017,0.008139242
4/21/2017,-0.003187014
4/24/2017,0.010997923
4/25/2017,0.0058187
4/26/2017,-0.000628937
4/27/2017,0.000839018
4/28/2017,-0.002179464
5/1/2017,0.002520297
5/2/2017,0.000377018
5/3/2017,-0.001214593
5/4/2017,0.001174175
5/5/2017,0.003936784
5/8/2017,-0.000166658
5/9/2017,-0.000918053
5/10/2017,0.001795997
5/11/2017,-0.00204276
5/12/2017,-0.001671096
5/15/2017,0.005523577
5/16/2017,-0.000915746
5/17/2017,-0.017743702
5/18/2017,0.004028232
5/19/2017,0.006504113
5/22/2017,0.005077515
5/23/2017,0.002212737
5/24/2017,0.002332784
5/25/2017,0.004779764
5/26/2017,-0.000206908
5/30/2017,-0.000868863
5/31/2017,-0.000248433
6/1/2017,0.007952315
6/2/2017,0.003328315
6/5/2017,-0.000737149
6/6/2017,-0.003196875
6/7/2017,0.001850182
6/8/2017,0.000492597
6/9/2017,-0.001517845
6/12/2017,-0.000205301
6/13/2017,0.004889835
6/14/2017,-0.001267596
6/15/2017,-0.001924397
6/16/2017,0.000218569
6/19/2017,0.008325061
6/20/2017,-0.006743946
6/21/2017,-0.000247114
6/22/2017,-0.000452747
6/23/2017,0.00119427
6/26/2017,0.000657968
6/27/2017,-0.008056261
6/28/2017,0.008950525
6/29/2017,-0.008788847
6/30/2017,0.001864532
7/3/2017,0.001695563
7/5/2017,0.002312042
7/6/2017,-0.009144452
7/7/2017,0.00648519
7/10/2017,0.001073787
7/11/2017,-0.00074262
7/12/2017,0.007514912
7/13/2017,0.001680072
7/14/2017,0.004664104
7/17/2017,-0.000122073
7/18/2017,0.000529315
7/19/2017,0.005414111
7/20/2017,0.000445475
7/21/2017,-0.000890553
7/24/2017,-0.00024284
7/25/2017,0.002430792
7/26/2017,4.04E-05
7/27/2017,-0.00092955
7/28/2017,-0.00117314
7/31/2017,-0.000566891
8/1/2017,0.002228827
8/2/2017,0.000485149
8/3/2017,-0.001939721
8/4/2017,0.001822043
8/7/2017,0.001859249
8/8/2017,-0.002461205
8/9/2017,-4.03E-05
8/10/2017,-0.014115246
8/11/2017,0.001476905
8/14/2017,0.009913109
8/15/2017,-0.000121788
8/16/2017,0.001744636
8/17/2017,-0.01559085
8/18/2017,-0.001563185
8/21/2017,0.000782613
8/22/2017,0.010457215
8/23/2017,-0.003585568
8/24/2017,-0.002330683
8/25/2017,0.002336128
8/28/2017,4.09E-05
8/29/2017,0.001144765
8/30/2017,0.004737733
8/31/2017,0.006016123
9/1/2017,0.001414073
9/5/2017,-0.007182128
9/6/2017,0.003413834
9/7/2017,-0.00012161
9/8/2017,-0.001174575
9/11/2017,0.010665852
9/12/2017,0.003370749
9/13/2017,0.000479786
9/14/2017,-0.000319858
9/15/2017,0.00134632
9/18/2017,0.002126934
9/19/2017,0.001001158
9/20/2017,0.000359881
9/21/2017,-0.002679141
9/22/2017,0.000200458
9/25/2017,-0.002044754
9/26/2017,0.000602549
9/27/2017,0.003894514
9/28/2017,0.0011997
9/29/2017,0.003515095
10/2/2017,0.004338642
10/3/2017,0.00214015
10/4/2017,0.001186303
10/5/2017,0.005925135
10/6/2017,-0.001138682
10/9/2017,-0.001651082
10/10/2017,0.00263823
10/11/2017,0.001570912
10/12/2017,-0.001489958
10/13/2017,0.001217314
10/16/2017,0.001333537
10/17/2017,0.000705212
10/18/2017,0.000978497
10/19/2017,0.00027377
10/20/2017,0.005160315
10/23/2017,-0.00388915
10/24/2017,0.001757098
10/25/2017,-0.004950291
10/26/2017,0.00129275
10/27/2017,0.008176013
10/30/2017,-0.003724945
10/31/2017,0.001557879
11/1/2017,0.001322001
11/2/2017,0.000388621
11/3/2017,0.003338782
11/6/2017,0.001547315
11/7/2017,-0.000695134
11/8/2017,0.001700827
11/9/2017,-0.003627504
11/10/2017,-0.000310002
11/13/2017,0.000929659
11/14/2017,-0.002322305
11/15/2017,-0.005005293
11/16/2017,0.008501054
11/17/2017,-0.002938815
11/20/2017,0.001706233
11/21/2017,0.006542844
11/22/2017,-0.000884433
11/24/2017,0.002309646
11/27/2017,-0.000499154
11/28/2017,0.010144855
11/29/2017,-0.000608544
11/30/2017,0.008754941
12/1/2017,-0.002075619
12/4/2017,-0.001210204
12/5/2017,-0.003596378
12/6/2017,0.000190009
12/7/2017,0.003152875
12/8/2017,0.005453312
12/11/2017,0.003012836
12/12/2017,0.0017649
12/13/2017,-0.000112176
12/14/2017,-0.004086334
12/15/2017,0.008327174
12/18/2017,0.006341264
12/19/2017,-0.003840198
12/20/2017,-0.000524094
12/21/2017,0.002059695
12/22/2017,-0.000261584
12/26/2017,-0.001196353
12/27/2017,0.000486544
12/28/2017,0.002057461
12/29/2017,-0.003770402
1/2/2018,0.007157374
1/3/2018,0.006325049
1/4/2018,0.004214981
1/5/2018,0.006664098
1/8/2018,0.001828397
1/9/2018,0.002263536
1/10/2018,-0.001529835
1/11/2018,0.007295864
1/12/2018,0.006519308
1/16/2018,-0.003418502
1/17/2018,0.009531656
1/18/2018,-0.001680678
1/19/2018,0.004549603
1/22/2018,0.008130902
1/23/2018,0.002122405
1/24/2018,-0.000388191
1/25/2018,0.000423562
1/26/2018,0.011577915
1/29/2018,-0.006630062
1/30/2018,-0.010256769
1/31/2018,0.000496608
2/1/2018,-0.001135052
2/2/2018,-0.021769918
2/5/2018,-0.041822673
2/6/2018,0.019702555
2/7/2018,-0.005425057
2/8/2018,-0.037508862
2/9/2018,0.015021413
2/12/2018,0.014684502
2/13/2018,0.002487328
2/14/2018,0.013496258
2/15/2018,0.012760392
2/16/2018,0.000292594
2/20/2018,-0.00626088
2/21/2018,-0.004974604
2/22/2018,0.001296261
2/23/2018,0.015939518
2/26/2018,0.011612243
2/27/2018,-0.012486779
2/28/2018,-0.010130226
3/1/2018,-0.014540296
3/2/2018,0.005154644
3/5/2018,0.011558322
3/6/2018,0.002534777
3/7/2018,-0.000366212
3/8/2018,0.004838852
3/9/2018,0.017402431
3/12/2018,-0.001255029
3/13/2018,-0.006462545
3/14/2018,-0.005131793
3/15/2018,-0.001089807
3/16/2018,0.001084477
3/19/2018,-0.013530333
3/20/2018,0.00170071
3/21/2018,-0.001919358
3/22/2018,-0.024996998
3/23/2018,-0.021314686
3/26/2018,0.027359032
3/27/2018,-0.017011811
3/28/2018,-0.002954671
3/29/2018,0.012777649
4/2/2018,-0.021584724
4/3/2018,0.012816975
4/4/2018,0.010699209
4/5/2018,0.007891962
4/6/2018,-0.022285887
4/9/2018,0.00492847
4/10/2018,0.015900243
4/11/2018,-0.005242165
4/12/2018,0.008227278
4/13/2018,-0.002933354
4/16/2018,0.008221615
4/17/2018,0.01069848
4/18/2018,0.00074031
4/19/2018,-0.005547465
4/20/2018,-0.008479294
4/23/2018,-0.000149831
4/24/2018,-0.013467682
4/25/2018,0.002471801
4/26/2018,0.010165629
4/27/2018,0.000938824
4/30/2018,-0.007690611
5/1/2018,0.001776899
5/2/2018,-0.006717342
5/3/2018,-0.00220381
5/4/2018,0.012946488
5/7/2018,0.003383279
5/8/2018,0
5/9/2018,0.009665792
5/10/2018,0.00935053
5/11/2018,0.003051471
5/14/2018,0.000476275
5/15/2018,-0.006886705
5/16/2018,0.004204935
5/17/2018,-0.000844859
5/18/2018,-0.002499961
5/21/2018,0.007518439
5/22/2018,-0.002780013
5/23/2018,0.002751085
5/24/2018,-0.002048687
5/25/2018,-0.002382526
5/29/2018,-0.011500858
5/30/2018,0.013344609
5/31/2018,-0.006125874
6/1/2018,0.00981761
6/4/2018,0.004751237
6/5/2018,0.000727921
6/6/2018,0.008360163
6/7/2018,-0.000108017
6/8/2018,0.002956447
6/11/2018,0.00132998
6/12/2018,0.00129232
6/13/2018,-0.003190839
6/14/2018,0.002517757
6/15/2018,-0.001275458
6/18/2018,-0.002057031
6/19/2018,-0.003833082
6/20/2018,0.001706367
6/21/2018,-0.006269171
6/22/2018,0.001823452
6/25/2018,-0.013612942
6/26/2018,0.002214112
6/27/2018,-0.008284398
6/28/2018,0.005717672
6/29/2018,0.00143959
7/2/2018,0.002137845
7/3/2018,-0.003531123
7/5/2018,0.008158052
7/6/2018,0.008458342
7/9/2018,0.009004268
7/10/2018,0.003598407
7/11/2018,-0.007314467
7/12/2018,0.009065997
7/13/2018,0.000787572
7/16/2018,-0.000894222
7/17/2018,0.004045185
7/18/2018,0.002103747
7/19/2018,-0.003771711
7/20/2018,-0.001142803
7/23/2018,0.001859513
7/24/2018,0.00503208
7/25/2018,0.008522423
7/26/2018,-0.002359163
7/27/2018,-0.006776334
7/30/2018,-0.005223295
7/31/2018,0.004929096
8/1/2018,-0.001670547
8/2/2018,0.005447855
8/3/2018,0.004284633
8/6/2018,0.003667163
8/7/2018,0.003302353
8/8/2018,-0.000420078
8/9/2018,-0.001366056
8/10/2018,-0.006700404
8/13/2018,-0.003743397
8/14/2018,0.00638063
8/15/2018,-0.00746728
8/16/2018,0.008091309
8/17/2018,0.003520374
8/20/2018,0.002139824
8/21/2018,0.002345568
8/22/2018,-0.000593908
8/23/2018,-0.001327883
8/24/2018,0.006018701
8/27/2018,0.007895092
8/28/2018,0.000483249
8/29/2018,0.005380945
8/30/2018,-0.004048342
8/31/2018,3.43E-05
9/4/2018,-0.001722292
9/5/2018,-0.002691215
9/6/2018,-0.003010334
9/7/2018,-0.001943301
9/10/2018,0.001738634
9/11/2018,0.003297244
9/12/2018,0.000242291
9/13/2018,0.005914503
9/14/2018,0.000171799
9/17/2018,-0.005293968
9/18/2018,0.005425798
9/19/2018,0.00106595
9/20/2018,0.008103581
9/21/2018,-0.000913367
9/24/2018,-0.003322176
9/25/2018,-0.000927862
9/26/2018,-0.002992099
9/27/2018,0.002794199
9/28/2018,0.000103151
10/1/2018,0.003474358
10/2/2018,-0.000583065
10/3/2018,0.000548757
10/4/2018,-0.007815461
10/5/2018,-0.005597005
10/8/2018,0
10/9/2018,-0.001459412
10/10/2018,-0.031663012
10/11/2018,-0.022026635
10/12/2018,0.013888196
10/15/2018,-0.005616921
10/16/2018,0.021865901
10/17/2018,0.000178534
10/18/2018,-0.014441222
10/19/2018,-0.000542654
10/22/2018,-0.004488586
10/23/2018,-0.005091072
10/24/2018,-0.030298307
10/25/2018,0.017940411
10/26/2018,-0.017587356
10/29/2018,-0.005540179
10/30/2018,0.014818499
10/31/2018,0.010680632
11/1/2018,0.010642004
11/2/2018,-0.005923108
11/5/2018,0.005517147
11/6/2018,0.006327823
11/7/2018,0.021408737
11/8/2018,-0.001814894
11/9/2018,-0.009768031
11/12/2018,-0.018685381
11/13/2018,-0.001870973
11/14/2018,-0.00683675
11/15/2018,0.010436514
11/16/2018,0.00260074
11/19/2018,-0.016914669
11/20/2018,-0.018506001
11/21/2018,0.003407489
11/23/2018,-0.00667857
11/26/2018,0.016144269
11/27/2018,0.003364674
11/28/2018,0.023024946
11/29/2018,-0.002185239
11/30/2018,0.006095549
12/3/2018,0.01324133
12/4/2018,-0.032402038
12/6/2018,-0.00151727
12/7/2018,-0.023236037
12/10/2018,0.00189702
12/11/2018,0.000227099
12/12/2018,0.005035489
12/13/2018,-0.000339108
12/14/2018,-0.01846478
12/17/2018,-0.019618346
12/18/2018,-0.001096491
12/19/2018,-0.014975843
12/20/2018,-0.016277961
12/21/2018,-0.020489356
12/24/2018,-0.02642308
12/26/2018,0.05052485
12/27/2018,0.007677399
12/28/2018,-0.001289846
12/31/2018,0.008758681
1/2/2019,0.001040326
1/3/2019,-0.023862878
1/4/2019,0.033495931
1/7/2019,0.007884536
1/8/2019,0.009395375
1/9/2019,0.004673457
1/10/2019,0.003527612
1/11/2019,0.000386358
1/14/2019,-0.006100908
1/15/2019,0.0114606
1/16/2019,0.00241993
1/17/2019,0.007586721
1/18/2019,0.013309912
1/22/2019,-0.013510332
1/23/2019,0.002092428
1/24/2019,0.000531441
1/25/2019,0.008461336
1/28/2019,-0.00760008
1/29/2019,-0.001327051
1/30/2019,0.015830656
1/31/2019,0.008782589
2/1/2019,0.000481455
2/4/2019,0.007035717
2/5/2019,0.004191608
2/6/2019,-0.001318208
2/7/2019,-0.009532594
2/8/2019,0.001221232
2/11/2019,0.000554762
2/12/2019,0.012859414
2/13/2019,0.00324668
2/14/2019,-0.00221805
2/15/2019,0.010897139
2/19/2019,0.001730938
2/20/2019,0.00201517
2/21/2019,-0.003555789
2/22/2019,0.006199813
2/25/2019,0.001361417
2/26/2019,-0.000715543
2/27/2019,-0.000429656
2/28/2019,-0.001862453
3/1/2019,0.006243747
3/4/2019,-0.003637409
3/5/2019,-0.001359921
3/6/2019,-0.006056961
3/7/2019,-0.008365405
3/8/2019,-0.001999926
3/11/2019,0.014501042
3/12/2019,0.003770913
3/13/2019,0.006619455
3/14/2019,-0.000639857
3/15/2019,0.004940563
3/18/2019,0.003625735
3/19/2019,0.000248039
3/20/2019,-0.003010122
3/21/2019,0.011294809
3/22/2019,-0.019246249
3/25/2019,-0.000751868
3/26/2019,0.007454031
3/27/2019,-0.005229195
3/28/2019,0.003790288
3/29/2019,0.006305847
4/1/2019,0.011858841
4/2/2019,0.000490115
4/3/2019,0.001573523
4/4/2019,0.00265333
4/5/2019,0.004840292
4/8/2019,0.000762457
4/9/2019,-0.005124938
4/10/2019,0.003411023
4/11/2019,-0.000277597
4/12/2019,0.006765827
4/15/2019,-0.000654783
4/16/2019,0.000655212
4/17/2019,-0.00244671
4/18/2019,0.001969166
4/22/2019,0.000862082
4/23/2019,0.008991456
4/24/2019,-0.002219243
4/25/2019,-0.000616035
4/26/2019,0.004656971
4/29/2019,0.001567595
4/30/2019,0.000510299
5/1/2019,-0.007516494
5/2/2019,-0.002158954
5/3/2019,0.009787773
5/6/2019,-0.004115156
5/7/2019,-0.016699714
5/8/2019,-0.001389166
5/9/2019,-0.00302575
5/10/2019,0.005023376
5/13/2019,-0.025130174
5/14/2019,0.009043711
5/15/2019,0.00585719
5/16/2019,0.009261477
5/17/2019,-0.006465229
5/20/2019,-0.006611915
5/21/2019,0.009015615
5/22/2019,-0.003071535
5/23/2019,-0.012218519
5/24/2019,0.002268504
5/28/2019,-0.009300785
5/29/2019,-0.006710513
5/30/2019,0.00273127
5/31/2019,-0.013475578
6/3/2019,-0.002542963
6/4/2019,0.021706771
6/5/2019,0.008662139
6/6/2019,0.006502629
6/7/2019,0.010007147
6/10/2019,0.004588821
6/11/2019,-0.000242009
6/12/2019,-0.00176524
6/13/2019,0.004126176
6/14/2019,-0.00110511
6/17/2019,0.000380485
6/18/2019,0.010471006
6/19/2019,0.002257192
6/20/2019,0.009554266
6/21/2019,-0.00145365
6/24/2019,-0.001224439
6/25/2019,-0.00980795
6/26/2019,-0.00099742
6/27/2019,0.003546008
6/28/2019,0.005145782
7/1/2019,0.009078294
7/2/2019,0.002604488
7/3/2019,0.007995228
7/5/2019,-0.001138056
7/8/2019,-0.005494798
7/9/2019,0.001246652
7/10/2019,0.004778001
7/11/2019,0.002344209
7/12/2019,0.004477124
7/15/2019,0.000332359
7/16/2019,-0.003225221
7/17/2019,-0.006805059
7/18/2019,0.003661129
7/19/2019,-0.005554913
7/22/2019,0.00245624
7/23/2019,0.007150134
7/24/2019,0.004699607
7/25/2019,-0.004777081
7/26/2019,0.006699922
7/29/2019,-0.001821263
7/30/2019,-0.002454822
7/31/2019,-0.010940099
8/1/2019,-0.008708133
8/2/2019,-0.007529392
8/5/2019,-0.030073021
8/6/2019,0.014022714
8/7/2019,0.000590997
8/8/2019,0.019619806
8/9/2019,-0.006811398
8/12/2019,-0.012173264
8/13/2019,0.015551626
8/14/2019,-0.029567497
8/15/2019,0.0026416
8/16/2019,0.014755053
8/19/2019,0.012047858
8/20/2019,-0.007662663
8/21/2019,0.008135443
8/22/2019,-0.000307867
8/23/2019,-0.025687376
8/26/2019,0.011058407
8/27/2019,-0.003923707
8/28/2019,0.007041709
8/29/2019,0.012772741
8/30/2019,-0.000444103
9/3/2019,-0.005847099
9/4/2019,0.011350291
9/5/2019,0.012855342
9/6/2019,0.000772231
9/9/2019,0.000503366
9/10/2019,-0.000234765
9/11/2019,0.007111026
9/12/2019,0.003463859
9/13/2019,-0.000663831
9/16/2019,-0.00308885
9/17/2019,0.002532077
9/18/2019,0.000597877
9/19/2019,-6.64E-05
9/20/2019,-0.00472469
9/23/2019,-0.00023468
9/24/2019,-0.007846761
9/25/2019,0.005914689
9/26/2019,-0.0020831
9/27/2019,-0.005387344
9/30/2019,0.004637914
10/1/2019,-0.011894591
10/2/2019,-0.017664814
10/3/2019,0.008192677
10/4/2019,0.013532098
10/7/2019,-0.004314725
10/8/2019,-0.015524436
10/9/2019,0.009496249
10/10/2019,0.006763633
10/11/2019,0.01036678
10/14/2019,-0.001113818
10/15/2019,0.009900167
10/16/2019,-0.001605795
10/17/2019,0.002948762
10/18/2019,-0.004377094
10/21/2019,0.006779248
10/22/2019,-0.00326669
10/23/2019,0.002909619
10/24/2019,0.001634102
10/25/2019,0.004094973
10/28/2019,0.005636324
10/29/2019,-0.00029653
10/30/2019,0.003067199
10/31/2019,-0.002663367
11/1/2019,0.009263998
11/4/2019,0.004017587
11/5/2019,-0.00110596
11/6/2019,0.000227889
11/7/2019,0.003516791
11/8/2019,0.002466003
11/11/2019,-0.001909665
11/12/2019,0.002107904
11/13/2019,0.000323729
11/14/2019,0.001455644
11/15/2019,0.007236661
11/18/2019,0.000737478
11/19/2019,-0.000288546
11/20/2019,-0.003718806
11/21/2019,-0.001608917
11/22/2019,0.002224087
11/25/2019,0.007750137
11/26/2019,0.002265806
11/27/2019,0.004457188
11/29/2019,-0.003708357
12/2/2019,-0.008494848
12/3/2019,-0.006706698
12/4/2019,0.006170489
12/5/2019,0.001797893
12/6/2019,0.009133983
12/9/2019,-0.003143973
12/10/2019,-0.001115283
12/11/2019,0.002838761
12/12/2019,0.008618895
12/13/2019,0.000599127
12/16/2019,0.006870078
12/17/2019,0.000219192
12/18/2019,6.27E-05
12/19/2019,0.004098828
12/20/2019,0.004384383
12/23/2019,0.001527738
12/24/2019,3.10E-05
12/26/2019,0.005323173
12/27/2019,-0.000247777
12/30/2019,-0.005513121
12/31/2019,0.00242926
1/2/2020,0.00935184
1/3/2020,-0.007572171
1/6/2020,0.003814973
1/7/2020,-0.0028118
1/8/2020,0.005329753
1/9/2020,0.006780564
1/10/2020,-0.002877667
1/13/2020,0.006877217
1/14/2020,-0.001524448
1/15/2020,0.002259869
1/16/2020,0.008318355
1/17/2020,0.003112503
1/21/2020,-0.001958109
1/22/2020,0.00012081
1/23/2020,0.001146749
1/24/2020,-0.008893022
1/27/2020,-0.016029505
1/28/2020,0.010479164
1/29/2020,-0.000826059
1/30/2020,0.003245458
1/31/2020,-0.01815794
2/3/2020,0.007428488
2/4/2020,0.015241369
2/5/2020,0.011547996
2/6/2020,0.00336484
2/7/2020,-0.005329747
2/10/2020,0.007465473
2/11/2020,0.001732878
2/12/2020,0.006442739
2/13/2020,-0.001066823
2/14/2020,0.001602176
2/18/2020,-0.00257716
2/19/2020,0.004781314
2/20/2020,-0.004108166
2/21/2020,-0.010298342
2/24/2020,-0.033165346
2/25/2020,-0.030302201
2/26/2020,-0.003678133
2/27/2020,-0.044911842
2/28/2020,-0.004201373
3/2/2020,0.043306427
3/3/2020,-0.028632476
3/4/2020,0.042033202
3/5/2020,-0.033241812
3/6/2020,-0.016531183
3/9/2020,-0.078094532
3/10/2020,0.051745019
3/11/2020,-0.048748391
3/12/2020,-0.095677249
3/13/2020,0.085486263
3/16/2020,-0.109423633
3/17/2020,0.053991964
3/18/2020,-0.05063279
3/19/2020,0.002124884
3/20/2020,-0.043094231
3/23/2020,-0.02556812
3/24/2020,0.090603233
3/25/2020,0.014970188
3/26/2020,0.058389737
3/27/2020,-0.029785615
3/30/2020,0.032475639
3/31/2020,-0.014905333
4/1/2020,-0.045004776
4/2/2020,0.02307534
4/3/2020,-0.014454199
4/6/2020,0.06716615
4/7/2020,0.001019453
4/8/2020,0.033568374
4/9/2020,0.015217514
4/13/2020,-0.009130213
4/14/2020,0.029492915
4/15/2020,-0.021248193
4/16/2020,0.004824466
4/17/2020,0.02701528
4/20/2020,-0.017617801
4/21/2020,-0.030363455
4/22/2020,0.022194725
4/23/2020,-7.18E-05
4/24/2020,0.013938632
4/27/2020,0.014418559
4/28/2020,-0.00459853
4/29/2020,0.026178503
4/30/2020,-0.00931059
5/1/2020,-0.026473469
5/4/2020,0.002758172
5/5/2020,0.009239383
5/6/2020,-0.00677878
5/7/2020,0.012066795
5/8/2020,0.016546207
5/11/2020,0.000205215
5/12/2020,-0.01993156
5/13/2020,-0.017685847
5/14/2020,0.011967345
5/15/2020,0.004596831
5/18/2020,0.030459711
5/19/2020,-0.010271267
5/20/2020,0.016988027
5/21/2020,-0.006903868
5/22/2020,0.001899176
5/26/2020,0.012320345
5/27/2020,0.014879145
5/28/2020,-0.001844951
5/29/2020,0.004455884
6/1/2020,0.004041811
6/2/2020,0.008279972
6/3/2020,0.013308311
6/4/2020,-0.002626665
6/5/2020,0.025629597
6/8/2020,0.012087438
6/9/2020,-0.007456626
6/10/2020,-0.005580077
6/11/2020,-0.057649051
6/12/2020,0.011975886
6/15/2020,0.009335648
6/16/2020,0.019247675
6/17/2020,-0.004153897
6/18/2020,0.000385019
6/19/2020,-0.005715008
6/22/2020,0.006415311
6/23/2020,0.004603585
6/24/2020,-0.025508578
6/25/2020,0.010720324
6/26/2020,-0.02375131
6/29/2020,0.014697508
6/30/2020,0.012809609
7/1/2020,0.007004757
7/2/2020,0.005506929
7/6/2020,0.015437353
7/7/2020,-0.010313962
7/8/2020,0.007648713
7/9/2020,-0.005692844
7/10/2020,0.010210512
7/13/2020,-0.008658965
7/14/2020,0.012958994
7/15/2020,0.009187247
7/16/2020,-0.003293457
7/17/2020,0.002898985
7/20/2020,0.008081719
7/21/2020,0.002127628
7/22/2020,0.005691904
7/23/2020,-0.011931756
7/24/2020,-0.006440359
7/27/2020,0.007292394
7/28/2020,-0.006342412
7/29/2020,0.012298806
7/30/2020,-0.003567872
7/31/2020,0.007902016
8/3/2020,0.00695242
8/4/2020,0.003862395
8/5/2020,0.00621107
8/6/2020,0.006684489
8/7/2020,0.000718025
8/10/2020,0.002988726
8/11/2020,-0.008254552
8/12/2020,0.013942335
8/13/2020,-0.0018078
8/14/2020,2.98E-05
8/17/2020,0.003176502
8/18/2020,0.002160494
8/19/2020,-0.004163766
8/20/2020,0.003113584
8/21/2020,0.003547376
8/24/2020,0.010133242
8/25/2020,0.003499196
8/26/2020,0.010025593
8/27/2020,0.002186446
8/28/2020,0.006459573
8/31/2020,-0.003622598
9/1/2020,0.009418539
9/2/2020,0.014464215
9/3/2020,-0.034414487
9/4/2020,-0.008164606
9/8/2020,-0.027323047
9/9/2020,0.019747432
9/10/2020,-0.017363706
9/11/2020,0.000509124
9/14/2020,0.013171234
9/15/2020,0.005052422
9/16/2020,-0.003968659
9/17/2020,-0.008795204
9/18/2020,-0.0115127
9/21/2020,-0.011129575
9/22/2020,0.010184449
9/23/2020,-0.023191016
9/24/2020,0.002665411
9/25/2020,0.016167014
9/28/2020,0.016609279
9/29/2020,-0.00544588
9/30/2020,0.007581882
10/1/2020,0.006419873
10/2/2020,-0.009494328
10/5/2020,0.017733054
10/6/2020,-0.014215923
10/7/2020,0.017406644
10/8/2020,0.008862567
10/9/2020,0.008930096
10/12/2020,0.016087596
10/13/2020,-0.006526163
10/14/2020,-0.006283362
10/15/2020,-0.001235835
10/16/2020,-0.000604255
10/19/2020,-0.015203547
10/20/2020,0.00400577
10/21/2020,-0.001892916
10/22/2020,0.005485358
10/23/2020,0.003395142
10/26/2020,-0.018479964
10/27/2020,-0.003447361
10/28/2020,-0.034179007
10/29/2020,0.010163514
10/30/2020,-0.01042477
11/2/2020,0.011208338
11/3/2020,0.017655989
11/4/2020,0.022349167
11/5/2020,0.019502742
11/6/2020,-0.000228324
11/9/2020,0.012565647
11/10/2020,-0.001466636
11/11/2020,0.007428739
11/12/2020,-0.009701071
11/13/2020,0.013844483
11/16/2020,0.012482693
11/17/2020,-0.005378271
11/18/2020,-0.012034858
11/19/2020,0.004210151
11/20/2020,-0.006847834
11/23/2020,0.005994401
11/24/2020,0.016113877
11/25/2020,-0.00154192
11/27/2020,0.002785067
11/30/2020,-0.004427206
12/1/2020,0.010937433
12/2/2020,0.002103806
12/3/2020,-0.000272696
12/4/2020,0.008617674
12/7/2020,-0.002054992
12/8/2020,0.002926212
12/9/2020,-0.008968887
12/10/2020,-0.000327064
12/11/2020,-0.001172566
12/14/2020,-0.004477202
12/15/2020,0.013519339
12/16/2020,0.001569437
12/17/2020,0.00559198
12/18/2020,-0.003992892
12/21/2020,-0.003575513
12/22/2020,-0.001685395
12/23/2020,0.000898622
12/24/2020,0.00389039
12/28/2020,0.008590846
12/29/2020,-0.001907821
12/30/2020,0.001426819
12/31/2020,0.005080818
1/4/2021,-0.013613964
1/5/2021,0.006887353
1/6/2021,0.005978489
1/7/2021,0.014857481
1/8/2021,0.005697688
1/11/2021,-0.00674073
1/12/2021,0.00021117
1/13/2021,0.002693043
1/14/2021,-0.003502077
1/15/2021,-0.007292668
1/19/2021,0.007851997
1/20/2021,0.013838724
1/21/2021,0.000911663
1/22/2021,-0.003539473
1/25/2021,0.003943847
1/26/2021,-0.001560888
1/27/2021,-0.024440506
1/28/2021,0.008600213
1/29/2021,-0.020019575
2/1/2021,0.01664546
2/2/2021,0.014140287
2/3/2021,0.000786253
2/4/2021,0.011365684
2/5/2021,0.003935898
2/8/2021,0.007221927
2/9/2021,-0.000665784
2/10/2021,-0.00043565
2/11/2021,0.001615065
2/12/2021,0.004939758
2/16/2021,-0.000865996
2/17/2021,0.000229451
2/18/2021,-0.004255935
2/19/2021,-0.001766058
2/22/2021,-0.007691662
2/23/2021,0.001214315
2/24/2021,0.011019363
2/25/2021,-0.024095748
2/26/2021,-0.005152649
3/1/2021,0.02424018
3/2/2021,-0.00780322
3/3/2021,-0.013245729
3/4/2021,-0.012374758
3/5/2021,0.018396651
3/8/2021,-0.00497879
3/9/2021,0.014277516
3/10/2021,0.006224508
3/11/2021,0.010139147
3/12/2021,0.001346878
3/15/2021,0.005963494
3/16/2021,-0.001261299
3/17/2021,0.003409924
3/18/2021,-0.014549645
3/19/2021,-0.00185032
3/22/2021,0.007984864
3/23/2021,-0.007870756
3/24/2021,-0.005083476
3/25/2021,0.005625602
3/26/2021,0.01611496
3/29/2021,-0.000505047
3/30/2021,-0.002653091
3/31/2021,0.004053408
4/1/2021,0.010799059
4/5/2021,0.014353123
4/6/2021,-0.000590561
4/7/2021,0.001157239
4/8/2021,0.004746819
4/9/2021,0.007270159
4/12/2021,0.000364564
4/13/2021,0.002963654
4/14/2021,-0.003415042
4/15/2021,0.010742401
4/16/2021,0.003342463
4/19/2021,-0.004913112
4/20/2021,-0.007321537
4/21/2021,0.009462063
4/22/2021,-0.009133078
4/23/2021,0.010842402
4/26/2021,0.002087599
4/27/2021,-0.00021543
4/28/2021,-0.000287425
4/29/2021,0.006372769
4/30/2021,-0.006570498
5/3/2021,0.002156784
5/4/2021,-0.006169395
5/5/2021,0.000312905
5/6/2021,0.007985514
5/7/2021,0.007277993
5/10/2021,-0.009902353
5/11/2021,-0.008924724
5/12/2021,-0.021245244
5/13/2021,0.012012467
5/14/2021,0.015355358
5/17/2021,-0.00254451
5/18/2021,-0.008615673
5/19/2021,-0.002621786
5/20/2021,0.010757978
5/21/2021,-0.000818701
5/24/2021,0.010194211
5/25/2021,-0.002218753
5/26/2021,0.001984567
5/27/2021,0.000524935
5/28/2021,0.001788838
6/1/2021,-0.000880866
6/2/2021,0.001572626
6/3/2021,-0.003711393
6/4/2021,0.009145852
6/7/2021,-0.000970162
6/8/2021,0.000213166
6/9/2021,-0.001491988
6/10/2021,0.004648375
6/11/2021,0.001652551
6/14/2021,0.002239001
6/15/2021,-0.00183422
6/16/2021,-0.005583394
6/17/2021,-0.000331597
6/18/2021,-0.01349038
6/21/2021,0.014315913
6/22/2021,0.005346229
6/23/2021,-0.001205338
6/24/2021,0.005915731
6/25/2021,0.003552057
6/28/2021,0.00201593
6/29/2021,0.00053808
6/30/2021,0.000841725
7/1/2021,0.005536596
7/2/2021,0.007643488
7/6/2021,-0.001821448
7/7/2021,0.003534063
7/8/2021,-0.008148026
7/9/2021,0.010674804
7/12/2021,0.003581937
7/13/2021,-0.003408959
7/14/2021,0.001492216
7/15/2021,-0.003415523
7/16/2021,-0.007843655
7/19/2021,-0.014767891
7/20/2021,0.014330435
7/21/2021,0.008096312
7/22/2021,0.002094074
7/23/2021,0.010288053
7/26/2021,0.002454851
7/27/2021,-0.004557592
7/28/2021,-0.000410055
7/29/2021,0.00414737
7/30/2021,-0.004856422
8/2/2021,-0.002098063
8/3/2021,0.008135501
8/4/2021,-0.004918928
8/5/2021,0.006332853
8/6/2021,0.001652463
8/9/2021,-0.000813591
8/10/2021,0.001243989
8/11/2021,0.002484886
8/12/2021,0.002996962
8/13/2021,0.001819822
8/16/2021,0.002354646
8/17/2021,-0.006555206
8/18/2021,-0.010945034
8/19/2021,0.001548334
8/20/2021,0.007957095
8/23/2021,0.008796526
8/24/2021,0.001587376
8/25/2021,0.002098385
8/26/2021,-0.005903195
8/27/2021,0.00894099
8/30/2021,0.004397526
8/31/2021,-0.001481516
9/1/2021,0.000531409
9/2/2021,0.003076646
9/3/2021,-0.000242726
9/7/2021,-0.003575552
9/8/2021,-0.001218212
9/9/2021,-0.004280214
9/10/2021,-0.007884587
9/13/2021,0.002559252
9/14/2021,-0.005396522
9/15/2021,0.008352654
9/16/2021,-0.001585247
9/17/2021,-0.009741084
9/20/2021,-0.016674186
9/21/2021,-0.000944622
9/22/2021,0.009754815
9/23/2021,0.012150019
9/24/2021,0.001647211
9/27/2021,-0.002860916
9/28/2021,-0.020151846
9/29/2021,0.001683139
9/30/2021,-0.012222344
10/1/2021,0.011884176
10/4/2021,-0.012896038
10/5/2021,0.010404982
10/6/2021,0.004156056
10/7/2021,0.008645688
10/8/2021,-0.001823778
10/11/2021,-0.007239718
10/12/2021,-0.002461541
10/13/2021,0.003597615
