Date,Close,EquityPriceReturns,PositiveReturn
10/25/2011,101.3168793,-0.019443653,0
10/26/2011,102.3461151,0.010158582,1
10/27/2011,105.9113388,0.034834968,1
10/28/2011,105.8866501,-0.000233107,0
10/31/2011,103.3341675,-0.024105802,0
11/1/2011,100.4523239,-0.027888584,0
11/2/2011,102.0908585,0.016311564,1
11/3/2011,103.9516907,0.018227217,1
11/4/2011,103.3177032,-0.006098866,0
11/7/2011,103.959938,0.006216116,1
11/8/2011,105.2937927,0.012830468,1
11/9/2011,101.4074631,-0.03690939,0
11/10/2011,102.3625641,0.009418449,1
11/11/2011,104.2892609,0.018822279,1
11/14/2011,103.301239,-0.00947386,0
11/15/2011,103.8117142,0.004941617,1
11/16/2011,102.164978,-0.01586272,0
11/17/2011,100.5429001,-0.015877045,0
11/18/2011,100.4358749,-0.001064472,0
11/21/2011,98.52561951,-0.019019652,0
11/22/2011,98.13863373,-0.003927768,0
11/23/2011,95.97314453,-0.022065614,0
11/25/2011,95.79200745,-0.001887373,0
11/28/2011,98.56680298,0.028966879,1
11/29/2011,98.84673309,0.002840004,1
11/30/2011,102.914238,0.041149614,1
12/1/2011,102.8977814,-0.000159906,0
12/2/2011,102.8072128,-0.00088018,0
12/5/2011,103.927002,0.010892126,1
12/6/2011,103.959938,0.000316916,1
12/7/2011,104.3469238,0.003722451,1
12/8/2011,102.0579224,-0.021936454,0
12/9/2011,103.7870102,0.016942221,1
12/12/2011,102.2720261,-0.01459705,0
12/13/2011,101.3168793,-0.009339277,0
12/14/2011,100.2382431,-0.010646165,0
12/15/2011,100.6005249,0.003614207,1
12/16/2011,100.7496719,0.001482567,1
12/19/2011,99.67249298,-0.010691637,0
12/20/2011,102.6886215,0.03026039,1
12/21/2011,102.8874741,0.001936461,1
12/22/2011,103.7989655,0.008859109,1
12/23/2011,104.7269745,0.008940446,1
12/27/2011,104.8098297,0.000791155,1
12/28/2011,103.4343338,-0.01312373,0
12/29/2011,104.5032501,0.010334251,1
12/30/2011,103.9895248,-0.004915879,0
1/3/2012,105.6467361,0.015936329,1
1/4/2012,105.8124237,0.001568317,1
1/5/2012,106.0941467,0.002662476,1
1/6/2012,105.8207397,-0.002577022,0
1/9/2012,106.0776062,0.002427373,1
1/10/2012,106.997345,0.008670433,1
1/11/2012,107.0553436,0.000542057,1
1/12/2012,107.3122101,0.00239938,1
1/13/2012,106.7570496,-0.005173321,0
1/17/2012,107.1713562,0.003880836,1
1/18/2012,108.3562317,0.011055897,1
1/19/2012,108.9279861,0.005276618,1
1/20/2012,109.3340149,0.003727497,1
1/23/2012,109.0522766,-0.002576858,0
1/24/2012,108.9279861,-0.001139733,0
1/25/2012,109.8394241,0.008367345,1
1/26/2012,109.2760162,-0.005129378,0
1/27/2012,109.2263031,-0.000454932,0
1/30/2012,108.8534164,-0.003413891,0
1/31/2012,108.8119888,-0.000380582,0
2/1/2012,109.7648697,0.008757131,1
2/2/2012,109.9388885,0.001585378,1
2/3/2012,111.4800873,0.014018686,1
2/6/2012,111.4055099,-0.000668974,0
2/7/2012,111.687233,0.002528807,1
2/8/2012,112.0186691,0.002967538,1
2/9/2012,112.1595383,0.001257551,1
2/10/2012,111.3309326,-0.007387741,0
2/13/2012,112.1595383,0.007442726,1
2/14/2012,112.0186691,-0.001255971,0
2/15/2012,111.4966583,-0.004660034,0
2/16/2012,112.7312775,0.011073149,1
2/17/2012,113.0295715,0.002646063,1
2/21/2012,113.079277,0.000439757,1
2/22/2012,112.7146912,-0.003224162,0
2/23/2012,113.2118835,0.00441107,1
2/24/2012,113.4604187,0.00219531,1
2/27/2012,113.6510239,0.001679926,1
2/28/2012,113.9824448,0.002916128,1
2/29/2012,113.5350494,-0.003925125,0
3/1/2012,114.1232986,0.005181212,1
3/2/2012,113.7753143,-0.003049196,0
3/5/2012,113.3112564,-0.004078722,0
3/6/2012,111.6540909,-0.014624898,0
3/7/2012,112.4329681,0.006975806,1
3/8/2012,113.5515671,0.00994903,1
3/9/2012,113.9907379,0.003867589,1
3/12/2012,113.9989929,7.24E-05,1
3/13/2012,116.053978,0.018026344,1
3/14/2012,115.9296951,-0.001070905,0
3/15/2012,116.600853,0.005789352,1
3/16/2012,116.7623138,0.001384732,1
3/19/2012,117.2200165,0.003919952,1
3/20/2012,116.8788376,-0.002910586,0
3/21/2012,116.6874237,-0.001637712,0
3/22/2012,115.8468246,-0.007203853,0
3/23/2012,116.2213364,0.003232818,1
3/26/2012,117.8525162,0.014035115,1
3/27/2012,117.4863586,-0.003106913,0
3/28/2012,116.9037552,-0.004958903,0
3/29/2012,116.70401,-0.001708629,0
3/30/2012,117.1867294,0.004136271,1
4/2/2012,118.0439301,0.007314827,1
4/3/2012,117.5612259,-0.004089191,0
4/4/2012,116.3961105,-0.009910711,0
4/5/2012,116.3378525,-0.000500515,0
4/9/2012,115.03125,-0.011231104,0
4/10/2012,113.1004944,-0.016784618,0
4/11/2012,114.0158844,0.008093599,1
4/12/2012,115.5056381,0.013066195,1
4/13/2012,114.1324387,-0.011888592,0
4/16/2012,114.0575562,-0.000656102,0
4/17/2012,115.7469406,0.014811684,1
4/18/2012,115.3558044,-0.003379235,0
4/19/2012,114.6151428,-0.006420671,0
4/20/2012,114.8065414,0.001669924,1
4/23/2012,113.8411484,-0.008408868,0
4/24/2012,114.273941,0.003801724,1
4/25/2012,115.8385086,0.013691377,1
4/26/2012,116.6457672,0.006968828,1
4/27/2012,116.8371811,0.001640984,1
4/30/2012,116.4044724,-0.003703519,0
5/1/2012,117.1285095,0.006220012,1
5/2/2012,116.7789383,-0.00298451,0
5/3/2012,115.8884659,-0.007625283,0
5/4/2012,114.0158844,-0.01615848,0
5/7/2012,114.099144,0.000730245,1
5/8/2012,113.6414413,-0.004011447,0
5/9/2012,112.9673157,-0.005932041,0
5/10/2012,113.2003479,0.002062829,1
5/11/2012,112.8591003,-0.003014545,0
5/14/2012,111.6107559,-0.011061088,0
5/15/2012,110.9699631,-0.005741318,0
5/16/2012,110.5455399,-0.003824668,0
5/17/2012,108.9060211,-0.014831161,0
5/18/2012,107.9739227,-0.008558741,0
5/21/2012,109.8298187,0.017188372,1
5/22/2012,110.0211716,0.001742267,1
5/23/2012,110.0794754,0.000529933,1
5/24/2012,110.2958374,0.001965507,1
5/25/2012,109.9379883,-0.003244448,0
5/29/2012,111.2695618,0.012112042,1
5/30/2012,109.6550369,-0.014510031,0
5/31/2012,109.413681,-0.002201047,0
6/1/2012,106.6589813,-0.025176922,0
6/4/2012,106.6090622,-0.000468026,0
6/5/2012,107.4163132,0.007572067,1
6/6/2012,109.8298187,0.022468706,1
6/7/2012,109.8964081,0.000606296,1
6/8/2012,110.7702179,0.007951214,1
6/11/2012,109.363739,-0.012697266,0
6/12/2012,110.6204376,0.011490999,1
6/13/2012,109.9130249,-0.006394955,0
6/14/2012,111.0781403,0.010600339,1
6/15/2012,112.2141571,0.010227186,1
6/18/2012,112.4316864,0.001938519,1
6/19/2012,113.5191574,0.009672282,1
6/20/2012,113.3351593,-0.001620855,0
6/21/2012,110.7920456,-0.022438877,0
6/22/2012,111.6453171,0.007701559,1
6/25/2012,109.8551331,-0.016034564,0
6/26/2012,110.4072266,0.005025651,1
6/27/2012,111.40271,0.00901647,1
6/28/2012,111.0848236,-0.002853489,0
6/29/2012,113.8538208,0.024926872,1
7/2/2012,114.1967926,0.003012387,1
7/3/2012,114.9496994,0.006593064,1
7/5/2012,114.4309921,-0.004512472,0
7/6/2012,113.3435364,-0.009503158,0
7/9/2012,113.2012787,-0.001255102,0
7/10/2012,112.2141571,-0.008720057,0
7/11/2012,112.2308884,0.000149101,1
7/12/2012,111.687149,-0.004844828,0
7/13/2012,113.5610275,0.016777924,1
7/16/2012,113.2932816,-0.002357728,0
7/17/2012,114.0713196,0.006867468,1
7/18/2012,114.9162064,0.007406654,1
7/19/2012,115.2173691,0.002620716,1
7/20/2012,114.1633377,-0.009148199,0
7/23/2012,113.0088654,-0.010112461,0
7/24/2012,112.038475,-0.008586851,0
7/25/2012,112.0636139,0.000224377,1
7/26/2012,113.9123688,0.01649737,1
7/27/2012,116.012085,0.018432732,1
7/30/2012,116.012085,0,0
7/31/2012,115.2006302,-0.006994571,0
8/1/2012,115.1003036,-0.000870885,0
8/2/2012,114.3055573,-0.006904816,0
8/3/2012,116.5726013,0.019833192,1
8/6/2012,116.798439,0.001937314,1
8/7/2012,117.3840179,0.005013585,1
8/8/2012,117.526268,0.001211835,1
8/9/2012,117.6266098,0.000853782,1
8/10/2012,117.819046,0.001635992,1
8/13/2012,117.7604446,-0.000497385,0
8/14/2012,117.7771759,0.000142079,1
8/15/2012,117.911026,0.001136469,1
8/16/2012,118.7810822,0.007378921,1
8/17/2012,118.9399643,0.001337605,1
8/20/2012,118.9483948,7.09E-05,1
8/21/2012,118.5886536,-0.003024347,0
8/22/2012,118.638855,0.000423324,1
8/23/2012,117.6684341,-0.008179621,0
8/24/2012,118.379509,0.006043038,1
8/27/2012,118.4046021,0.000211971,1
8/28/2012,118.2874756,-0.000989205,0
8/29/2012,118.379509,0.000778048,1
8/30/2012,117.526268,-0.007207674,0
8/31/2012,118.0867462,0.004768961,1
9/4/2012,117.9779663,-0.000921186,0
9/5/2012,117.8775787,-0.000850901,0
9/6/2012,120.2700729,0.020296431,1
9/7/2012,120.7385864,0.003895512,1
9/10/2012,120.0526199,-0.005681419,0
9/11/2012,120.3872299,0.002787194,1
9/12/2012,120.7887421,0.003335172,1
9/13/2012,122.6291733,0.015236778,1
9/14/2012,123.1729431,0.004434262,1
9/17/2012,122.7546387,-0.003396074,0
9/18/2012,122.654274,-0.000817604,0
9/19/2012,122.721199,0.00054564,1
9/20/2012,122.7295303,6.79E-05,1
9/21/2012,122.6783066,-0.000417371,0
9/24/2012,122.4932098,-0.001508798,0
9/25/2012,121.189682,-0.010641633,0
9/26/2012,120.5084305,-0.005621366,0
9/27/2012,121.6437988,0.009421485,1
9/28/2012,121.0803223,-0.004632185,0
10/1/2012,121.39991,0.002639469,1
10/2/2012,121.5260391,0.001038956,1
10/3/2012,122.0222778,0.004083394,1
10/4/2012,122.8969193,0.007167883,1
10/5/2012,122.9053497,6.86E-05,1
10/8/2012,122.4848251,-0.003421532,0
10/9/2012,121.2737503,-0.00988755,0
10/10/2012,120.5000458,-0.006379819,0
10/11/2012,120.5673218,0.000558307,1
10/12/2012,120.1720505,-0.003278428,0
10/15/2012,121.1728287,0.008327878,1
10/16/2012,122.4007263,0.01013344,1
10/17/2012,122.9558029,0.004534913,1
10/18/2012,122.6361923,-0.002599394,0
10/19/2012,120.5925446,-0.016664312,0
10/22/2012,120.6093521,0.000139375,1
10/23/2012,118.9357758,-0.013876008,0
10/24/2012,118.5993347,-0.002828762,0
10/25/2012,118.9441605,0.002907485,1
10/26/2012,118.8768616,-0.000565802,0
10/31/2012,118.8768616,0,0
11/1/2012,120.1215744,0.010470606,1
11/2/2012,119.0535126,-0.008891507,0
11/5/2012,119.2973785,0.002048373,1
11/6/2012,120.2309036,0.007825194,1
11/7/2012,117.5060043,-0.022663884,0
11/8/2012,116.0931549,-0.012023636,0
11/9/2012,116.1940765,0.000869316,1
11/12/2012,116.2865906,0.000796203,1
11/13/2012,115.8828659,-0.003471808,0
11/14/2012,114.3185806,-0.013498849,0
11/15/2012,114.1251373,-0.001692142,0
11/16/2012,114.688652,0.004937691,1
11/19/2012,117.0098343,0.020238988,1
11/20/2012,117.0603027,0.000431318,1
11/21/2012,117.2789612,0.001867913,1
11/23/2012,118.8768616,0.013624783,1
11/26/2012,118.6245499,-0.002122463,0
11/27/2012,118.0190811,-0.005104076,0
11/28/2012,118.9693985,0.008052235,1
11/29/2012,119.5244446,0.004665453,1
11/30/2012,119.5497055,0.000211345,1
12/3/2012,118.9609528,-0.004924753,0
12/4/2012,118.7927856,-0.001413633,0
12/5/2012,119.0030518,0.001770024,1
12/6/2012,119.406723,0.003392109,1
12/7/2012,119.7683792,0.003028776,1
12/10/2012,119.8188019,0.000421002,1
12/11/2012,120.6346054,0.006808644,1
12/12/2012,120.6934891,0.000488116,1
12/13/2012,119.9533844,-0.006132101,0
12/14/2012,119.507637,-0.003716005,0
12/17/2012,120.9120865,0.011751964,1
12/18/2012,122.2577438,0.011129221,1
12/19/2012,121.3494568,-0.00742928,0
12/20/2012,122.0474625,0.00575203,1
12/21/2012,120.9396439,-0.009076949,0
12/24/2012,120.567009,-0.003081164,0
12/26/2012,120.0587845,-0.004215287,0
12/27/2012,119.8979034,-0.001340019,0
12/28/2012,118.6019821,-0.01080854,0
12/31/2012,120.6177979,0.016996476,1
1/2/2013,123.709259,0.025630224,1
1/3/2013,123.4297638,-0.002259291,0
1/4/2013,123.9718246,0.004391654,1
1/7/2013,123.6330032,-0.002733052,0
1/8/2013,123.277298,-0.002877106,0
1/9/2013,123.5907059,0.0025423,1
1/10/2013,124.5731812,0.007949427,1
1/11/2013,124.5647202,-6.79E-05,0
1/14/2013,124.4800034,-0.000680103,0
1/15/2013,124.5647202,0.000680566,1
1/16/2013,124.5477524,-0.000136217,0
1/17/2013,125.3524094,0.00646063,1
1/18/2013,125.6318817,0.002229493,1
1/22/2013,126.3094788,0.005393512,1
1/23/2013,126.5127792,0.001609543,1
1/24/2013,126.5466843,0.000267997,1
1/25/2013,127.2580795,0.005621603,1
1/28/2013,127.1056595,-0.001197724,0
1/29/2013,127.6053543,0.003931334,1
1/30/2013,127.1056595,-0.003915939,0
1/31/2013,126.7922516,-0.002465727,0
2/1/2013,128.0966492,0.010287676,1
2/4/2013,126.6567078,-0.011241054,0
2/5/2013,127.9356537,0.010097735,1
2/6/2013,128.0288544,0.000728497,1
2/7/2013,127.8594894,-0.001322865,0
2/8/2013,128.5709076,0.005564062,1
2/11/2013,128.545517,-0.000197483,0
2/12/2013,128.7572327,0.00164701,1
2/13/2013,128.8673248,0.000855037,1
2/14/2013,128.9858704,0.000919904,1
2/15/2013,128.8334961,-0.001181325,0
2/19/2013,129.7990112,0.007494287,1
2/20/2013,128.1812897,-0.012463281,0
2/21/2013,127.4020767,-0.006078991,0
2/22/2013,128.6471405,0.009772712,1
2/25/2013,126.1993256,-0.019027356,0
2/26/2013,127.0633392,0.006846421,1
2/27/2013,128.6640472,0.012597717,1
2/28/2013,128.4100037,-0.001974472,0
3/1/2013,128.8334961,0.003297971,1
3/4/2013,129.5194702,0.005324501,1
3/5/2013,130.6798553,0.008959156,1
3/6/2013,130.8577271,0.001361126,1
3/7/2013,131.0948639,0.001812173,1
3/8/2013,131.6538544,0.004264015,1
3/11/2013,132.153595,0.003795868,1
3/12/2013,131.8571472,-0.002243206,0
3/13/2013,132.0435333,0.001413546,1
3/14/2013,132.7464752,0.005323562,1
3/15/2013,132.5712128,-0.00132028,0
3/18/2013,131.8395844,-0.005518758,0
3/19/2013,131.5333099,-0.002323084,0
3/20/2013,132.4521179,0.006985364,1
3/21/2013,131.3206329,-0.008542596,0
3/22/2013,132.3755646,0.008033251,1
3/25/2013,131.8225861,-0.004177346,0
3/26/2013,132.8775177,0.008002662,1
3/27/2013,132.8775177,0,0
3/28/2013,133.2858582,0.003073059,1
4/1/2013,132.7583923,-0.003957403,0
4/2/2013,133.4135132,0.004934685,1
4/3/2013,132.0607758,-0.010139433,0
4/4/2013,132.5967102,0.004058241,1
4/5/2013,132.001236,-0.004490867,0
4/8/2013,132.8945313,0.006767325,1
4/9/2013,133.3539276,0.003456849,1
4/10/2013,134.9873047,0.012248436,1
4/11/2013,135.429718,0.003277444,1
4/12/2013,135.0979156,-0.002449997,0
4/15/2013,131.9671936,-0.023173726,0
4/16/2013,133.9154205,0.014762964,1
4/17/2013,131.958725,-0.014611428,0
4/18/2013,131.1334991,-0.006253666,0
4/19/2013,132.2734528,0.008693077,1
4/22/2013,132.8604889,0.00443805,1
4/23/2013,134.2301636,0.01030912,1
4/24/2013,134.3152618,0.000633973,1
4/25/2013,134.8597107,0.004053514,1
4/26/2013,134.6214752,-0.001766543,0
4/29/2013,135.5233002,0.006698968,1
4/30/2013,135.8466034,0.002385591,1
5/1/2013,134.6555328,-0.008767761,0
5/2/2013,135.9061279,0.009287365,1
5/3/2013,137.2843628,0.01014108,1
5/6/2013,137.6331482,0.002540605,1
5/7/2013,138.3307953,0.005068889,1
5/8/2013,138.9602814,0.004550585,1
5/9/2013,138.5689697,-0.002815996,0
5/10/2013,139.0198364,0.003253735,1
5/13/2013,139.1304321,0.000795539,1
5/14/2013,140.5681763,0.010333786,1
5/15/2013,141.3254242,0.005387051,1
5/16/2013,140.6618042,-0.004695687,0
5/17/2013,142.0229797,0.009676938,1
5/20/2013,142.0144501,-6.01E-05,0
5/21/2013,142.2186737,0.001438048,1
5/22/2013,141.1637573,-0.007417566,0
5/23/2013,140.7553558,-0.002893104,0
5/24/2013,140.636261,-0.000846112,0
5/28/2013,141.4785156,0.005988887,1
5/29/2013,140.5596924,-0.006494437,0
5/30/2013,141.0786591,0.003692144,1
5/31/2013,139.0539093,-0.014351921,0
6/3/2013,139.8195496,0.005506068,1
6/4/2013,139.1474457,-0.004806938,0
6/5/2013,137.1992645,-0.01400084,0
6/6/2013,138.4413452,0.009053115,1
6/7/2013,140.2023926,0.012720531,1
6/10/2013,140.2023926,0,0
6/11/2013,138.756134,-0.010315505,0
6/12/2013,137.6076202,-0.008277211,0
6/13/2013,139.7004852,0.015208932,1
6/14/2013,138.8241425,-0.006273012,0
6/17/2013,139.8961182,0.007721825,1
6/18/2013,141.0021362,0.007905995,1
6/19/2013,139.0539093,-0.013817003,0
6/20/2013,135.6083832,-0.024778348,0
6/21/2013,136.0437164,0.003210224,1
6/24/2013,134.324646,-0.012636162,0
6/25/2013,135.6160889,0.00961434,1
6/26/2013,136.9588165,0.009900947,1
6/27/2013,137.7627563,0.005869938,1
6/28/2013,137.1983032,-0.004097284,0
7/1/2013,138.002182,0.005859247,1
7/2/2013,137.8739014,-0.000929555,0
7/3/2013,137.9337769,0.000434277,1
7/5/2013,139.4219818,0.010789271,1
7/8/2013,140.2172852,0.005704289,1
7/9/2013,141.2265167,0.007197626,1
7/10/2013,141.2778168,0.000363247,1
7/11/2013,143.2021484,0.013620905,1
7/12/2013,143.2619629,0.000417692,1
7/15/2013,143.8093414,0.003820823,1
7/16/2013,143.2704926,-0.003746967,0
7/17/2013,143.6382904,0.002567157,1
7/18/2013,144.4251251,0.00547789,1
7/19/2013,144.6816711,0.001776325,1
7/22/2013,144.9638977,0.001950673,1
7/23/2013,144.6559906,-0.002124026,0
7/24/2013,144.1257935,-0.003665228,0
7/25/2013,144.4763947,0.002432605,1
7/26/2013,144.6303864,0.001065861,1
7/29/2013,144.1856384,-0.003075066,0
7/30/2013,144.1856384,0,0
7/31/2013,144.2882538,0.000711689,1
8/1/2013,145.9559784,0.011558284,1
8/2/2013,146.20401,0.001699359,1
8/5/2013,145.9902191,-0.001462278,0
8/6/2013,145.1606598,-0.005682294,0
8/7/2013,144.6902008,-0.003240954,0
8/8/2013,145.2204895,0.003664994,1
8/9/2013,144.8014069,-0.002885837,0
8/12/2013,144.6303864,-0.001181069,0
8/13/2013,145.0579834,0.002956481,1
8/14/2013,144.3138885,-0.005129637,0
8/15/2013,142.2955475,-0.013985771,0
8/16/2013,141.8251648,-0.003305674,0
8/19/2013,140.9185944,-0.006392169,0
8/20/2013,141.6113281,0.004915844,1
8/21/2013,140.7389832,-0.006160136,0
8/22/2013,142.0218658,0.009115333,1
8/23/2013,142.5007935,0.00337221,1
8/26/2013,141.9705048,-0.003721303,0
8/27/2013,139.6870575,-0.016083955,0
8/28/2013,140.1831055,0.003551138,1
8/29/2013,140.4054565,0.001586147,1
8/30/2013,139.9607239,-0.003167488,0
9/3/2013,140.5936279,0.004522012,1
9/4/2013,141.7567749,0.008273113,1
9/5/2013,141.9363556,0.001266823,1
9/6/2013,142.0047455,0.000481835,1
9/9/2013,143.364563,0.00957586,1
9/10/2013,144.4251251,0.007397659,1
9/11/2013,144.8783722,0.003138284,1
9/12/2013,144.4934845,-0.002656626,0
9/13/2013,144.8184967,0.002249321,1
9/16/2013,145.6566467,0.00578759,1
9/17/2013,146.3066559,0.004462612,1
9/18/2013,148,0.011573938,1
9/19/2013,147.7519684,-0.001675889,0
9/20/2013,146.7189941,-0.006991272,0
9/23/2013,146.0400238,-0.004627692,0
9/24/2013,145.6962585,-0.002353911,0
9/25/2013,145.275177,-0.002890133,0
9/26/2013,145.833786,0.003845179,1
9/27/2013,145.1634369,-0.004596665,0
9/30/2013,144.3899841,-0.005328151,0
10/1/2013,145.5329895,0.007916099,1
10/2/2013,145.3954773,-0.000944887,0
10/3/2013,144.0547791,-0.009221045,0
10/4/2013,145.1462555,0.007576815,1
10/7/2013,143.8915405,-0.008644487,0
10/8/2013,142.2156677,-0.011646778,0
10/9/2013,142.3187866,0.000725088,1
10/10/2013,145.3868866,0.021557941,1
10/11/2013,146.3236389,0.006443169,1
10/14/2013,146.9080658,0.00399407,1
10/15/2013,145.842392,-0.007254019,0
10/16/2013,147.8792267,0.013965999,1
10/17/2013,148.8674927,0.006682926,1
10/18/2013,149.8730621,0.006754795,1
10/21/2013,149.8816376,5.72E-05,1
10/22/2013,150.7496338,0.005791211,1
10/23/2013,150.02771,-0.004788893,0
10/24/2013,150.5261841,0.003322547,1
10/25/2013,151.2137299,0.004567616,1
10/28/2013,151.4542999,0.001590927,1
10/29/2013,152.2621918,0.005334229,1
10/30/2013,151.5059357,-0.004966802,0
10/31/2013,151.0762024,-0.002836412,0
11/1/2013,151.4371796,0.002389372,1
11/4/2013,151.9699707,0.003518232,1
11/5/2013,151.4887238,-0.003166724,0
11/6/2013,152.2621918,0.005105779,1
11/7/2013,150.3371582,-0.012642886,0
11/8/2013,152.3652802,0.01349049,1
11/11/2013,152.3911133,0.000169547,1
11/12/2013,152.0817261,-0.002030218,0
11/13/2013,153.3020477,0.008024118,1
11/14/2013,154.0669708,0.004989647,1
11/15/2013,154.7373199,0.004351024,1
11/18/2013,154.1958923,-0.003499011,0
11/19/2013,153.8607178,-0.002173693,0
11/20/2013,153.379425,-0.003128107,0
11/21/2013,154.6170044,0.008068744,1
11/22/2013,155.3904419,0.00500228,1
11/25/2013,155.2357788,-0.000995319,0
11/26/2013,155.2787323,0.000276698,1
11/27/2013,155.6568909,0.002435353,1
11/29/2013,155.5537567,-0.000662574,0
12/2/2013,155.1498108,-0.002596825,0
12/3/2013,154.4794769,-0.004320559,0
12/4/2013,154.4622803,-0.00011132,0
12/5/2013,153.7834167,-0.004395012,0
12/6/2013,155.502182,0.011176532,1
12/9/2013,155.8974915,0.002542147,1
12/10/2013,155.3389282,-0.003582888,0
12/11/2013,153.5942841,-0.01123121,0
12/12/2013,153.0872192,-0.003301326,0
12/13/2013,153.0700531,-0.000112133,0
12/16/2013,154.0240021,0.006232107,1
12/17/2013,153.5341797,-0.003180169,0
12/18/2013,156.155365,0.017072324,1
12/19/2013,155.9748688,-0.001155876,0
12/20/2013,156.8821106,0.00581659,1
12/23/2013,157.7203064,0.005342839,1
12/24/2013,158.065918,0.002191294,1
12/26/2013,158.8695374,0.005084078,1
12/27/2013,158.8609161,-5.43E-05,0
12/30/2013,158.8349915,-0.000163191,0
12/31/2013,159.5867462,0.004732929,1
1/2/2014,158.0572968,-0.009583813,0
1/3/2014,158.0313568,-0.000164117,0
1/6/2014,157.5733795,-0.002898015,0
1/7/2014,158.5411835,0.006141925,1
1/8/2014,158.5757751,0.000218187,1
1/9/2014,158.6794434,0.000653746,1
1/10/2014,159.1114807,0.002722705,1
1/13/2014,156.9944763,-0.013305164,0
1/14/2014,158.7053223,0.010897491,1
1/15/2014,159.5607605,0.005390104,1
1/16/2014,159.3534241,-0.00129942,0
1/17/2014,158.6794434,-0.004229471,0
1/21/2014,159.1461029,0.002940895,1
1/22/2014,159.2497253,0.000651115,1
1/23/2014,157.9449463,-0.008193289,0
1/24/2014,154.5750732,-0.021335745,0
1/27/2014,153.814682,-0.004919236,0
1/28/2014,154.7305908,0.005954625,1
1/29/2014,153.2443695,-0.00960522,0
1/30/2014,154.8688354,0.010600493,1
1/31/2014,153.9615021,-0.005858721,0
2/3/2014,150.4966278,-0.022504809,0
2/4/2014,151.550766,0.007004397,1
2/5/2014,151.3607178,-0.001254023,0
2/6/2014,153.3567047,0.013186955,1
2/7/2014,155.2576752,0.012395744,1
2/10/2014,155.5428772,0.001836959,1
2/11/2014,157.2450562,0.010943471,1
2/12/2014,157.3228149,0.000494507,1
2/13/2014,158.1350555,0.005162891,1
2/14/2014,159.0077972,0.005518964,1
2/18/2014,159.1978912,0.001195501,1
2/19/2014,158.1437225,-0.00662175,0
2/20/2014,159.0769196,0.005900943,1
2/21/2014,158.8954926,-0.001140499,0
2/24/2014,159.7768097,0.005546521,1
2/25/2014,159.7163391,-0.000378469,0
2/26/2014,159.7249908,5.42E-05,1
2/27/2014,160.5631409,0.005247457,1
2/28/2014,160.9692383,0.002529207,1
3/3/2014,159.8372955,-0.007032044,0
3/4/2014,162.0839081,0.014055622,1
3/5/2014,162.2307892,0.000906204,1
3/6/2014,162.602356,0.002290359,1
3/7/2014,162.671524,0.000425382,1
3/10/2014,162.585083,-0.000531384,0
3/11/2014,161.7814484,-0.004942856,0
3/12/2014,161.824707,0.00026739,1
3/13/2014,160.0101013,-0.011213403,0
3/14/2014,159.5607605,-0.002808203,0
3/17/2014,161.0037994,0.009043821,1
3/18/2014,162.1530304,0.007137912,1
3/19/2014,161.2889404,-0.005328855,0
3/20/2014,162.2307892,0.005839512,1
3/21/2014,161.6015625,-0.00387859,0
3/24/2014,160.9333038,-0.004135224,0
3/25/2014,161.697052,0.004745743,1
3/26/2014,160.5340424,-0.007192522,0
3/27/2014,160.1955872,-0.002108308,0
3/28/2014,160.9853821,0.004930191,1
3/31/2014,162.3045349,0.00819424,1
4/1/2014,163.3807678,0.006630948,1
4/2/2014,163.927536,0.003346588,1
4/3/2014,163.7105408,-0.001323727,0
4/4/2014,161.7751312,-0.011822144,0
4/7/2014,159.9872589,-0.011051589,0
4/8/2014,160.6469116,0.004123158,1
4/9/2014,162.3739777,0.010750696,1
4/10/2014,158.9631958,-0.021005717,0
4/11/2014,157.5311737,-0.009008513,0
4/14/2014,158.7722778,0.007878467,1
4/15/2014,159.8657532,0.006887067,1
4/16/2014,161.5408173,0.010477942,1
4/17/2014,161.7664795,0.001396936,1
4/21/2014,162.330658,0.00348761,1
4/22/2014,163.0683594,0.004544437,1
4/23/2014,162.6864777,-0.00234185,0
4/24/2014,163.0162506,0.002027046,1
4/25/2014,161.6796722,-0.00819905,0
4/28/2014,162.1917419,0.003167187,1
4/29/2014,162.9468079,0.004655391,1
4/30/2014,163.4328156,0.002982616,1
5/1/2014,163.4501953,0.000106342,1
5/2/2014,163.2159119,-0.001433363,0
5/5/2014,163.5283051,0.001913987,1
5/6/2014,162.1049347,-0.008704122,0
5/7/2014,163.0596313,0.005889374,1
5/8/2014,162.8860168,-0.00106473,0
5/9/2014,163.1290894,0.001492286,1
5/12/2014,164.7172852,0.009735822,1
5/13/2014,164.8648834,0.00089607,1
5/14/2014,164.0837402,-0.004738081,0
5/15/2014,162.6430359,-0.008780299,0
5/16/2014,163.2071991,0.00346872,1
5/19/2014,163.806015,0.003669053,1
5/20/2014,162.7732391,-0.006304872,0
5/21/2014,164.1445465,0.008424649,1
5/22/2014,164.5437469,0.002432005,1
5/23/2014,165.2033386,0.00400861,1
5/27/2014,166.2187653,0.006146526,1
5/28/2014,166.09729,-0.000730815,0
5/29/2014,166.9564209,0.005172456,1
5/30/2014,167.2254944,0.001611639,1
6/2/2014,167.4164429,0.001141862,1
6/3/2014,167.3296814,-0.000518237,0
6/4/2014,167.6681366,0.002022685,1
6/5/2014,168.7616882,0.00652212,1
6/6/2014,169.5688324,0.004782745,1
6/9/2014,169.7424164,0.001023679,1
6/10/2014,169.7597961,0.000102389,1
6/11/2014,169.1696014,-0.003476646,0
6/12/2014,167.9718628,-0.007080106,0
6/13/2014,168.4839325,0.003048545,1
6/16/2014,168.6228333,0.000824415,1
6/17/2014,169.0914764,0.002779239,1
6/18/2014,170.3325806,0.007339838,1
6/19/2014,170.5234833,0.001120765,1
6/20/2014,170.8697205,0.002030437,1
6/23/2014,170.8173676,-0.000306391,0
6/24/2014,169.7883606,-0.006024018,0
6/25/2014,170.5558014,0.004519985,1
6/26/2014,170.4336853,-0.000715989,0
6/27/2014,170.7650604,0.001944305,1
6/30/2014,170.6778717,-0.000510577,0
7/1/2014,171.8202057,0.006692924,1
7/2/2014,171.9946594,0.001015327,1
7/3/2014,172.8405457,0.004918096,1
7/7/2014,172.2388153,-0.003481419,0
7/8/2014,171.1313019,-0.006430104,0
7/9/2014,171.8987579,0.004484604,1
7/10/2014,171.2185211,-0.003957194,0
7/11/2014,171.453949,0.001375014,1
7/14/2014,172.3173218,0.005035596,1
7/15/2014,171.9946594,-0.001872489,0
7/16/2014,172.6312561,0.003701258,1
7/17/2014,170.6691742,-0.01136574,0
7/18/2014,172.4132996,0.010219334,1
7/21/2014,172.0905609,-0.00187189,0
7/22/2014,172.8405457,0.004358082,1
7/23/2014,173.2242737,0.002220127,1
7/24/2014,173.2329865,5.03E-05,1
7/25/2014,172.4219666,-0.004681671,0
7/28/2014,172.4917297,0.000404607,1
7/29/2014,171.7505188,-0.004297081,0
7/30/2014,171.7766266,0.00015201,1
7/31/2014,168.3843384,-0.019748253,0
8/1/2014,167.8698425,-0.003055485,0
8/4/2014,169.0819702,0.00722064,1
8/5/2014,167.4425507,-0.009696005,0
8/6/2014,167.494873,0.00031248,1
8/7/2014,166.5879059,-0.005414895,0
8/8/2014,168.515152,0.011568944,1
8/11/2014,169.0034943,0.002897913,1
8/12/2014,168.7680664,-0.001393035,0
8/13/2014,169.9104462,0.006768933,1
8/14/2014,170.7127228,0.004721762,1
8/15/2014,170.6778717,-0.00020415,0
8/18/2014,172.1079865,0.008379028,1
8/19/2014,173.0062103,0.005218955,1
8/20/2014,173.4684296,0.002671692,1
8/21/2014,173.9742126,0.002915707,1
8/22/2014,173.7038879,-0.001553821,0
8/25/2014,174.5846405,0.005070425,1
8/26/2014,174.697998,0.000649298,1
8/27/2014,174.6282501,-0.000399249,0
8/28/2014,174.5322723,-0.000549612,0
8/29/2014,175.0294037,0.002848363,1
9/2/2014,174.9421844,-0.000498312,0
9/3/2014,174.8462524,-0.000548364,0
9/4/2014,174.5933685,-0.001446322,0
9/5/2014,175.3782349,0.004495396,1
9/8/2014,174.9247589,-0.002585703,0
9/9/2014,173.8172607,-0.006331283,0
9/10/2014,174.4712677,0.003762612,1
9/11/2014,174.6718445,0.001149626,1
9/12/2014,173.6515808,-0.005841031,0
9/15/2014,173.5207367,-0.000753486,0
9/16/2014,174.8288269,0.007538524,1
9/17/2014,175.06427,0.001346706,1
9/18/2014,175.9974213,0.005330335,1
9/19/2014,175.8387299,-0.000901669,0
9/22/2014,174.480835,-0.007722388,0
9/23/2014,173.4820099,-0.005724555,0
9/24/2014,174.8399811,0.007827735,1
9/25/2014,172.0188599,-0.016135447,0
9/26/2014,173.3856201,0.007945409,1
9/29/2014,173.0702057,-0.00181915,0
9/30/2014,172.6146545,-0.002632175,0
10/1/2014,170.2753601,-0.01355212,0
10/2/2014,170.3016663,0.000154492,1
10/3/2014,172.1766052,0.011009516,1
10/6/2014,171.9750671,-0.001170531,0
10/7/2014,169.3204041,-0.015436325,0
10/8/2014,172.281723,0.01748944,1
10/9/2014,168.8648376,-0.019833127,0
10/10/2014,166.9372864,-0.011414758,0
10/13/2014,164.1950378,-0.016426819,0
10/14/2014,164.4491272,0.001547485,1
10/15/2014,163.3364868,-0.006765864,0
10/16/2014,163.1962891,-0.000858337,0
10/17/2014,165.1237488,0.011810683,1
10/20/2014,166.7270813,0.009709884,1
10/21/2014,170.0300293,0.019810507,1
10/22/2014,168.8210144,-0.007110596,0
10/23/2014,170.7835388,0.011624882,1
10/24/2014,172.0977325,0.007695084,1
10/27/2014,171.8611755,-0.00137455,0
10/28/2014,173.8324432,0.011470116,1
10/29/2014,173.5696259,-0.001511901,0
10/30/2014,174.682312,0.006410604,1
10/31/2014,176.6799011,0.011435555,1
11/3/2014,176.7762299,0.000545216,1
11/4/2014,176.1629791,-0.003469079,0
11/5/2014,177.27565,0.006316145,1
11/6/2014,177.9853058,0.00400312,1
11/7/2014,178.1517639,0.000935235,1
11/10/2014,178.7124786,0.003147399,1
11/11/2014,178.8877258,0.00098061,1
11/12/2014,178.6949768,-0.001077486,0
11/13/2014,178.8964996,0.001127748,1
11/14/2014,178.9402924,0.000244794,1
11/17/2014,179.0541687,0.000636393,1
11/18/2014,180.088028,0.005774003,1
11/19/2014,179.7989044,-0.001605457,0
11/20/2014,180.1143188,0.001754262,1
11/21/2014,181.0780334,0.005350572,1
11/24/2014,181.5862122,0.002806407,1
11/25/2014,181.4547729,-0.000723839,0
11/26/2014,181.9190521,0.00255865,1
11/28/2014,181.5336151,-0.002118728,0
12/1/2014,180.2720032,-0.006949743,0
12/2/2014,181.4372711,0.006463943,1
12/3/2014,182.1381378,0.00386286,1
12/4/2014,181.936676,-0.001106093,0
12/5/2014,182.2345276,0.001637117,1
12/8/2014,181.0167084,-0.006682703,0
12/9/2014,180.8940277,-0.000677731,0
12/10/2014,177.9940948,-0.016031114,0
12/11/2014,178.8964996,0.005069858,1
12/12/2014,176.0052795,-0.016161412,0
12/15/2014,174.7962036,-0.006869544,0
12/16/2014,173.3944092,-0.008019593,0
12/17/2014,176.7937622,0.019604744,1
12/18/2014,181.1656647,0.024728828,1
12/19/2014,181.9365387,0.004255078,1
12/22/2014,182.7733917,0.004599697,1
12/23/2014,183.0200653,0.001349614,1
12/24/2014,183.0376892,9.63E-05,1
12/26/2014,183.6279449,0.003224777,1
12/29/2014,183.874588,0.001343167,1
12/30/2014,182.8879395,-0.005365878,0
12/31/2014,181.0731659,-0.009922872,0
1/2/2015,180.9762268,-0.000535359,0
1/5/2015,177.7078552,-0.018059674,0
1/6/2015,176.0340729,-0.00941873,0
1/7/2015,178.2276306,0.012460984,1
1/8/2015,181.3903046,0.017745138,1
1/9/2015,179.9367371,-0.00801348,0
1/12/2015,178.5271759,-0.007833649,0
1/13/2015,178.0250244,-0.002812745,0
1/14/2015,176.9502106,-0.006037431,0
1/15/2015,175.3292389,-0.009160609,0
1/16/2015,177.6285553,0.013114278,1
1/20/2015,178.0074005,0.002132795,1
1/21/2015,178.9059753,0.005047963,1
1/22/2015,181.5664825,0.01487098,1
1/23/2015,180.5710297,-0.005482581,0
1/26/2015,180.9938812,0.002341746,1
1/27/2015,178.6065063,-0.013190362,0
1/28/2015,176.3159485,-0.012824605,0
1/29/2015,177.9457397,0.009243584,1
1/30/2015,175.7080688,-0.012575018,0
2/2/2015,177.8840637,0.012384149,1
2/3/2015,180.4564362,0.014460949,1
2/4/2015,179.7692871,-0.003807839,0
2/5/2015,181.5841217,0.010095354,1
2/6/2015,181.081955,-0.002765477,0
2/9/2015,180.2714539,-0.00447588,0
2/10/2015,182.1919708,0.010653472,1
2/11/2015,182.2977295,0.000580479,1
2/12/2015,184.050766,0.009616338,1
2/13/2015,184.8084717,0.00411683,1
2/17/2015,185.0991211,0.001572706,1
2/18/2015,185.1167755,9.54E-05,1
2/19/2015,184.9846191,-0.000713908,0
2/20/2015,186.0946198,0.006000502,1
2/23/2015,186.0682373,-0.000141769,0
2/24/2015,186.5967865,0.00284062,1
2/25/2015,186.4382324,-0.000849715,0
2/26/2015,186.2179565,-0.001181495,0
2/27/2015,185.583725,-0.003405856,0
3/2/2015,186.7553711,0.006313302,1
3/3/2015,185.9889679,-0.004103781,0
3/4/2015,185.2048798,-0.004215778,0
3/5/2015,185.4075165,0.001094122,1
3/6/2015,182.7997894,-0.01406484,0
3/9/2015,183.5574493,0.004144753,1
3/10/2015,180.5797882,-0.016221957,0
3/11/2015,180.1569366,-0.002341633,0
3/12/2015,182.447464,0.012714067,1
3/13/2015,181.3286591,-0.006132203,0
3/16/2015,183.7512817,0.013360396,1
3/17/2015,183.2051086,-0.00297235,0
3/18/2015,185.4075165,0.012021542,1
3/19/2015,184.5617981,-0.004561403,0
3/20/2015,186.1908569,0.008826631,1
3/23/2015,185.8279877,-0.00194891,0
3/24/2015,184.783844,-0.005618872,0
3/25/2015,182.0761108,-0.014653517,0
3/26/2015,181.6425018,-0.002381471,0
3/27/2015,182.0583954,0.002289627,1
3/30/2015,184.27948,0.012199847,1
3/31/2015,182.6689453,-0.008739631,0
4/1/2015,182.0229645,-0.003536347,0
4/2/2015,182.6778412,0.00359777,1
4/6/2015,183.9078369,0.006733141,1
4/7/2015,183.4211121,-0.002646569,0
4/8/2015,184.0406036,0.003377428,1
4/9/2015,184.85466,0.004423243,1
4/10/2015,185.8634338,0.005457119,1
4/13/2015,185.0228119,-0.004522794,0
4/14/2015,185.37677,0.001913051,1
4/15/2015,186.2085419,0.004486926,1
4/16/2015,186.1554565,-0.000285085,0
4/17/2015,184.0140533,-0.011503306,0
4/20/2015,185.6953125,0.00913658,1
4/21/2015,185.4741058,-0.001191235,0
4/22/2015,186.3855743,0.004914263,1
4/23/2015,186.8545685,0.002516258,1
4/24/2015,187.2881165,0.002320243,1
4/27/2015,186.5094604,-0.00415753,0
4/28/2015,187.1023102,0.003178658,1
4/29/2015,186.3324738,-0.004114521,0
4/30/2015,184.4653168,-0.010020567,0
5/1/2015,186.4651489,0.010841237,1
5/4/2015,186.9961243,0.002847585,1
5/5/2015,184.85466,-0.011451918,0
5/6/2015,184.0936432,-0.004116839,0
5/7/2015,184.8280945,0.003989553,1
5/8/2015,187.2615814,0.013166218,1
5/11/2015,186.3678589,-0.004772589,0
5/12/2015,185.8103485,-0.002991451,0
5/13/2015,185.8457489,0.000190519,1
5/14/2015,187.7837067,0.010427776,1
5/15/2015,187.9871674,0.001083484,1
5/18/2015,188.5712433,0.003106999,1
5/19/2015,188.5092926,-0.000328527,0
5/20/2015,188.3765411,-0.000704217,0
5/21/2015,188.9252167,0.002912653,1
5/22/2015,188.473877,-0.002388986,0
5/26/2015,186.447464,-0.010751691,0
5/27/2015,188.2172546,0.009492168,1
5/28/2015,188.0048981,-0.001128252,0
5/29/2015,186.8368378,-0.006212925,0
6/1/2015,187.2173309,0.0020365,1
6/2/2015,187.0314789,-0.000992708,0
6/3/2015,187.5270386,0.002649606,1
6/4/2015,185.9430847,-0.008446536,0
6/5/2015,185.6245117,-0.001713282,0
6/8/2015,184.4830322,-0.006149401,0
6/9/2015,184.4564514,-0.000144083,0
6/10/2015,186.6687012,0.011993344,1
6/11/2015,187.2704468,0.003223602,1
6/12/2015,185.836853,-0.007655205,0
6/15/2015,185.0404968,-0.004285244,0
6/16/2015,186.0492706,0.005451638,1
6/17/2015,186.3501587,0.001617249,1
6/18/2015,188.2880707,0.010399304,1
6/19/2015,187.4521637,-0.004439511,0
6/22/2015,188.4125366,0.005123296,1
6/23/2015,188.5459442,0.000708061,1
6/24/2015,187.1765594,-0.00726287,0
6/25/2015,186.6074829,-0.003040319,0
6/26/2015,186.5719452,-0.000190441,0
6/29/2015,182.6594391,-0.020970495,0
6/30/2015,183.0417938,0.002093266,1
7/1/2015,184.5089874,0.008015621,1
7/2/2015,184.3400116,-0.000915814,0
7/6/2015,183.8153992,-0.002845896,0
7/7/2015,184.9713898,0.006288867,1
7/8/2015,181.8680267,-0.01677753,0
7/9/2015,182.1970673,0.001809227,1
7/10/2015,184.4912109,0.012591551,1
7/13/2015,186.5274506,0.011037055,1
7/14/2015,187.3366699,0.004338339,1
7/15/2015,187.2743835,-0.000332484,0
7/16/2015,188.7771454,0.008024385,1
7/17/2015,188.9371948,0.000847822,1
7/20/2015,189.0349884,0.000517598,1
7/21/2015,188.2880554,-0.003951295,0
7/22/2015,187.9501495,-0.001794622,0
7/23/2015,186.8920288,-0.005629795,0
7/24/2015,184.9535522,-0.010372174,0
7/27/2015,183.8776245,-0.005817286,0
7/28/2015,186.1361847,0.012282953,1
7/29/2015,187.4166412,0.006879138,1
7/30/2015,187.4610901,0.000237166,1
7/31/2015,187.1765594,-0.001517812,0
8/3/2015,186.5452271,-0.003372924,0
8/4/2015,186.1807098,-0.001954042,0
8/5/2015,186.7941895,0.003295076,1
8/6/2015,185.2647705,-0.008187722,0
8/7/2015,184.9091187,-0.001919695,0
8/10/2015,187.2388306,0.012599227,1
8/11/2015,185.5493317,-0.009023229,0
8/12/2015,185.7716522,0.001198175,1
8/13/2015,185.5404358,-0.001244627,0
8/14/2015,186.2162018,0.003642149,1
8/17/2015,187.2566071,0.005587082,1
8/18/2015,186.7141571,-0.002896827,0
8/19/2015,185.2381134,-0.007905366,0
8/20/2015,181.3700867,-0.020881376,0
8/21/2015,175.9104004,-0.030102463,0
8/24/2015,168.5033417,-0.042106997,0
8/25/2015,166.5204468,-0.011767689,0
8/26/2015,172.9138336,0.038394005,1
8/27/2015,177.1908417,0.02473491,1
8/28/2015,177.1997528,5.03E-05,1
8/31/2015,175.7680969,-0.008079333,0
9/1/2015,170.5218201,-0.02984772,0
9/2/2015,173.758606,0.018981652,1
9/3/2015,173.8830414,0.00071614,1
9/4/2015,171.2510071,-0.015136809,0
9/8/2015,175.5547028,0.025130922,1
9/9/2015,173.2072296,-0.013371747,0
9/10/2015,174.149826,0.005442016,1
9/11/2015,174.9411926,0.004544171,1
9/14/2015,174.2920532,-0.003710615,0
9/15/2015,176.4706116,0.01249947,1
9/16/2015,178.0000153,0.00866662,1
9/17/2015,177.5999146,-0.002247757,0
9/18/2015,174.6976471,-0.016341604,0
9/21/2015,175.6004028,0.005167532,1
9/22/2015,173.3211517,-0.01297976,0
9/23/2015,173.0440674,-0.001598676,0
9/24/2015,172.418396,-0.003615677,0
9/25/2015,172.3736877,-0.000259301,0
9/28/2015,168.0475922,-0.025097192,0
9/29/2015,168.1459045,0.000585027,1
9/30/2015,171.2832184,0.018658283,1
10/1/2015,171.7301483,0.002609304,1
10/2/2015,174.2954407,0.014937927,1
10/5/2015,177.3969727,0.017794682,1
10/6/2015,176.7891998,-0.003426061,0
10/7/2015,178.2371826,0.008190448,1
10/8/2015,179.8460693,0.009026662,1
10/9/2015,179.9533081,0.000596281,1
10/12/2015,180.1231689,0.000943916,1
10/13/2015,178.9879913,-0.00630223,0
10/14/2015,178.1299591,-0.004793798,0
10/15/2015,180.865036,0.01535439,1
10/16/2015,181.6873322,0.004546463,1
10/19/2015,181.7766876,0.000491809,1
10/20/2015,181.5443115,-0.00127836,0
10/21/2015,180.4181061,-0.006203474,0
10/22/2015,183.4660339,0.016893692,1
10/23/2015,185.4771271,0.010961665,1
10/26/2015,185.0212555,-0.002457832,0
10/27/2015,184.6637268,-0.001932365,0
10/28/2015,186.7642365,0.011374782,1
10/29/2015,186.6570129,-0.000574112,0
10/30/2015,185.8524933,-0.00431015,0
11/2/2015,188.0513611,0.011831253,1
11/3/2015,188.5966034,0.002899433,1
11/4/2015,188.0245514,-0.003033204,0
11/5/2015,187.8368225,-0.000998427,0
11/6/2015,187.7385101,-0.000523392,0
11/9/2015,185.9866028,-0.009331636,0
11/10/2015,186.4156799,0.002307033,1
11/11/2015,185.6826935,-0.003932,0
11/12/2015,183.0906219,-0.013959683,0
11/13/2015,181.0348358,-0.011228244,0
11/16/2015,183.7878418,0.015207051,1
11/17/2015,183.6537628,-0.000729531,0
11/18/2015,186.5676117,0.015865991,1
11/19/2015,186.4067078,-0.000862443,0
11/20/2015,187.0860443,0.003644378,1
11/23/2015,186.8714752,-0.001146901,0
11/24/2015,187.1218109,0.001339614,1
11/25/2015,187.094986,-0.000143356,0
11/27/2015,187.3094482,0.001146275,1
11/30/2015,186.5318298,-0.004151517,0
12/1/2015,188.3105774,0.009535893,1
12/2/2015,186.3888245,-0.010205231,0
12/3/2015,183.7788849,-0.014002661,0
12/4/2015,187.3630981,0.019502857,1
12/7/2015,186.2279663,-0.00605846,0
12/8/2015,184.976593,-0.006719578,0
12/9/2015,183.5375061,-0.007779833,0
12/10/2015,184.0112457,0.00258116,1
12/11/2015,180.4449463,-0.019380878,0
12/14/2015,181.3565674,0.005052073,1
12/15/2015,183.2604523,0.01049802,1
12/16/2015,185.9419403,0.014632115,1
12/17/2015,183.10849,-0.01523836,0
12/18/2015,179.8464355,-0.017814873,0
12/21/2015,181.3300476,0.008249327,1
12/22/2015,182.9754639,0.009074151,1
12/23/2015,185.2412872,0.012383209,1
12/24/2015,184.9355469,-0.001650498,0
12/28/2015,184.5129395,-0.002285161,0
12/29/2015,186.4820709,0.010672051,1
12/30/2015,185.1603394,-0.007087714,0
12/31/2015,183.3081055,-0.010003405,0
1/4/2016,180.7455597,-0.013979446,0
1/5/2016,181.0512848,0.001691467,1
1/6/2016,178.7674561,-0.012614264,0
1/7/2016,174.4785614,-0.023991473,0
1/8/2016,172.563385,-0.010976571,0
1/11/2016,172.7341766,0.000989733,1
1/12/2016,174.1278687,0.008068421,1
1/13/2016,169.7850494,-0.024940403,0
1/14/2016,172.5723724,0.016416775,1
1/15/2016,168.8678741,-0.021466346,0
1/19/2016,169.0926666,0.001331174,1
1/20/2016,166.9257202,-0.012815141,0
1/21/2016,167.8608551,0.005602102,1
1/22/2016,171.3045654,0.020515267,1
1/25/2016,168.7150269,-0.015116577,0
1/26/2016,171.016861,0.013643326,1
1/27/2016,169.1556396,-0.010883262,0
1/28/2016,170.0367889,0.005209104,1
1/29/2016,174.1818237,0.024377282,1
2/1/2016,174.118866,-0.000361449,0
2/2/2016,170.9809265,-0.018021823,0
2/3/2016,172.0058746,0.005994517,1
2/4/2016,172.2756958,0.001568674,1
2/5/2016,168.9937744,-0.019050403,0
2/8/2016,166.7189636,-0.013460915,0
2/9/2016,166.7279663,5.40E-05,1
2/10/2016,166.5840454,-0.000863208,0
2/11/2016,164.4171448,-0.013007852,0
2/12/2016,167.8069153,0.020616892,1
2/16/2016,170.6392059,0.016878271,1
2/17/2016,173.4265747,0.016334867,1
2/18/2016,172.716217,-0.004096014,0
2/19/2016,172.6352692,-0.000468676,0
2/22/2016,175.1349182,0.014479365,1
2/23/2016,172.9230347,-0.012629598,0
2/24/2016,173.7142639,0.004575615,1
2/25/2016,175.8182526,0.012111778,1
2/26/2016,175.4136353,-0.002301338,0
2/29/2016,174.0379486,-0.00784253,0
3/1/2016,178.1290894,0.023507176,1
3/2/2016,178.929306,0.004492341,1
3/3/2016,179.6306305,0.003919562,1
3/4/2016,180.2150726,0.003253577,1
3/7/2016,180.3589478,0.000798352,1
3/8/2016,178.389801,-0.010917932,0
3/9/2016,179.2709961,0.004939717,1
3/10/2016,179.4148102,0.000802216,1
3/11/2016,182.3100281,0.016137006,1
3/14/2016,182.0762787,-0.001282153,0
3/15/2016,181.7795868,-0.001629492,0
3/16/2016,182.831543,0.005786987,1
3/17/2016,183.9914398,0.006344074,1
3/18/2016,184.7144775,0.003929736,1
3/21/2016,184.9765625,0.001418865,1
3/22/2016,184.8771667,-0.000537342,0
3/23/2016,183.6570587,-0.00659956,0
3/24/2016,183.5756683,-0.000443165,0
3/28/2016,183.6841888,0.000591149,1
3/29/2016,185.3833008,0.009250181,1
3/30/2016,186.1966705,0.004387503,1
3/31/2016,185.7447968,-0.002426863,0
4/1/2016,187.0100708,0.006811895,1
4/4/2016,186.404541,-0.003237953,0
4/5/2016,184.5427551,-0.009987878,0
4/6/2016,186.5581818,0.010921191,1
4/7/2016,184.3258514,-0.011965867,0
4/8/2016,184.822937,0.002696776,1
4/11/2016,184.3891296,-0.002347151,0
4/12/2016,186.1062927,0.009312713,1
4/13/2016,187.9861755,0.010101124,1
4/14/2016,187.9951782,4.79E-05,1
4/15/2016,187.7873383,-0.00110556,0
4/18/2016,189.1068573,0.007026667,1
4/19/2016,189.7033386,0.003154203,1
4/20/2016,189.8840942,0.000952833,1
4/21/2016,188.8628235,-0.00537839,0
4/22/2016,188.8628235,0,0
4/25/2016,188.5375061,-0.001722506,0
4/26/2016,188.817627,0.001485757,1
4/27/2016,189.2063141,0.002058532,1
4/28/2016,187.4890747,-0.009076015,0
4/29/2016,186.4768677,-0.005398752,0
5/2/2016,187.9590607,0.007948401,1
5/3/2016,186.3232727,-0.008702895,0
5/4/2016,185.283844,-0.005578631,0
5/5/2016,185.2477264,-0.000194931,0
5/6/2016,185.9255371,0.003658942,1
5/9/2016,186.0791931,0.000826438,1
5/10/2016,188.3928375,0.012433655,1
5/11/2016,186.6304474,-0.009354868,0
5/12/2016,186.6847229,0.000290818,1
5/13/2016,185.0579071,-0.008714242,0
5/16/2016,186.8835449,0.009865225,1
5/17/2016,185.1392059,-0.009333829,0
5/18/2016,185.1934814,0.000293161,1
5/19/2016,184.5518036,-0.003464905,0
5/20/2016,185.7176819,0.00631735,1
5/23/2016,185.4646301,-0.001362561,0
5/24/2016,187.8686523,0.01296216,1
5/25/2016,189.1430206,0.006783294,1
5/26/2016,189.1972351,0.000286632,1
5/27/2016,190.0106201,0.004299138,1
5/31/2016,189.6491241,-0.001902504,0
6/1/2016,190.037735,0.002049104,1
6/2/2016,190.6161652,0.003043765,1
6/3/2016,190.0467834,-0.002987059,0
6/6/2016,191.013855,0.005088597,1
6/7/2016,191.3120728,0.001561236,1
6/8/2016,191.9356995,0.003259735,1
6/9/2016,191.6735992,-0.001365563,0
6/10/2016,189.8570251,-0.009477435,0
6/13/2016,188.3928375,-0.007712054,0
6/14/2016,188.0223389,-0.001966628,0
6/15/2016,187.7602386,-0.001393984,0
6/16/2016,188.3205566,0.002984221,1
6/17/2016,187.6192169,-0.00372418,0
6/20/2016,188.8275146,0.00644016,1
6/21/2016,189.3634796,0.002838384,1
6/22/2016,189.054657,-0.001630846,0
6/23/2016,191.516571,0.013022234,1
6/24/2016,184.6394043,-0.035908991,0
6/27/2016,181.33255,-0.017909797,0
6/28/2016,184.6031036,0.018036219,1
6/29/2016,187.7463989,0.017027316,1
6/30/2016,190.3083038,0.013645561,1
7/1/2016,190.7080536,0.002100538,1
7/5/2016,189.3362732,-0.007193091,0
7/6/2016,190.471817,0.005997497,1
7/7/2016,190.3537292,-0.000619975,0
7/8/2016,193.1881866,0.014890475,1
7/11/2016,193.8695831,0.003527113,1
7/12/2016,195.2776794,0.007263111,1
7/13/2016,195.2504425,-0.000139478,0
7/14/2016,196.3405914,0.005583337,1
7/15/2016,196.0771179,-0.001341921,0
7/18/2016,196.6040649,0.002687448,1
7/19/2016,196.4042358,-0.001016404,0
7/20/2016,197.2218323,0.004162825,1
7/21/2016,196.4768982,-0.003777138,0
7/22/2016,197.3581696,0.004485369,1
7/25/2016,196.822113,-0.002716161,0
7/26/2016,196.9129639,0.000461589,1
7/27/2016,196.7040405,-0.001060993,0
7/28/2016,196.9311218,0.001154431,1
7/29/2016,197.249115,0.001614743,1
8/1/2016,197.0855408,-0.000829277,0
8/2/2016,195.8227997,-0.006407071,0
8/3/2016,196.3951263,0.002922676,1
8/4/2016,196.6040649,0.001063869,1
8/5/2016,198.2120819,0.008178961,1
8/8/2016,198.0939941,-0.000595765,0
8/9/2016,198.2120819,0.00059612,1
8/10/2016,197.7215118,-0.002474976,0
8/11/2016,198.6391144,0.004640884,1
8/12/2016,198.4664917,-0.000869027,0
8/15/2016,199.0388336,0.002883821,1
8/16/2016,198.0122528,-0.005157691,0
8/17/2016,198.3846741,0.001880799,1
8/18/2016,198.829895,0.002244231,1
8/19/2016,198.5391541,-0.00146226,0
8/22/2016,198.5300598,-4.58E-05,0
8/23/2016,198.9297485,0.00201324,1
8/24/2016,197.9123077,-0.005114573,0
8/25/2016,197.7760162,-0.000688646,0
8/26/2016,197.4035492,-0.001883277,0
8/29/2016,198.3756256,0.004924311,1
8/30/2016,198.0485687,-0.001648675,0
8/31/2016,197.4853058,-0.002844065,0
9/1/2016,197.4943848,4.60E-05,1
9/2/2016,198.3846741,0.004507922,1
9/6/2016,198.9842834,0.003022458,1
9/7/2016,198.9660797,-9.15E-05,0
9/8/2016,198.5118866,-0.002282767,0
9/9/2016,193.7605286,-0.023934879,0
9/12/2016,196.5404968,0.014347444,1
9/13/2016,193.7151184,-0.014375553,0
9/14/2016,193.6424561,-0.000375099,0
9/15/2016,195.5774841,0.009992788,1
9/16/2016,194.8214722,-0.003865537,0
9/19/2016,194.858017,0.000187581,1
9/20/2016,194.8671265,4.67E-05,1
9/21/2016,197.0584869,0.011245409,1
9/22/2016,198.3002319,0.006301403,1
9/23/2016,197.2137146,-0.005479153,0
9/26/2016,195.6158447,-0.008102225,0
9/27/2016,196.8302307,0.006208014,1
9/28/2016,197.8072357,0.004963694,1
9/29/2016,196.0175781,-0.009047483,0
9/30/2016,197.4967957,0.007546351,1
10/3/2016,197.0219727,-0.002404206,0
10/4/2016,196.0175781,-0.005097881,0
10/5/2016,196.885025,0.004425353,1
10/6/2016,197.0219727,0.000695572,1
10/7/2016,196.3462982,-0.003429437,0
10/10/2016,197.368927,0.005208292,1
10/11/2016,194.876236,-0.012629602,0
10/12/2016,195.1319275,0.001312071,1
10/13/2016,194.4927826,-0.00327545,0
10/14/2016,194.5932159,0.000516386,1
10/17/2016,193.9175568,-0.003472162,0
10/18/2016,195.1319275,0.006262304,1
10/19/2016,195.652359,0.002667075,1
10/20/2016,195.2871246,-0.001866752,0
10/21/2016,195.378418,0.000467483,1
10/24/2016,196.2093201,0.004252783,1
10/25/2016,195.5519257,-0.003350475,0
10/26/2016,195.1592712,-0.002007929,0
10/27/2016,194.6388397,-0.002666701,0
10/28/2016,194.0635986,-0.002955428,0
10/31/2016,194.0727844,4.73E-05,1
11/1/2016,192.666626,-0.007245521,0
11/2/2016,191.5070648,-0.006018485,0
11/3/2016,190.6304932,-0.004577229,0
11/4/2016,190.4205017,-0.001101563,0
11/7/2016,194.6206207,0.022057074,1
11/8/2016,195.4971466,0.004503767,1
11/9/2016,197.5698395,0.010602164,1
11/10/2016,198.0628662,0.002495455,1
11/11/2016,197.6063385,-0.002304964,0
11/14/2016,197.7615204,0.000785308,1
11/15/2016,199.304657,0.007803017,1
11/16/2016,198.9302826,-0.001878403,0
11/17/2016,199.9529419,0.005140792,1
11/18/2016,199.5055084,-0.002237694,0
11/21/2016,201.0120544,0.007551401,1
11/22/2016,201.4046936,0.001953312,1
11/23/2016,201.5142517,0.00054397,1
11/25/2016,202.2630005,0.003715612,1
11/28/2016,201.3133545,-0.004695105,0
11/29/2016,201.7060089,0.001950464,1
11/30/2016,201.2221069,-0.002399046,0
12/1/2016,200.4824829,-0.00367566,0
12/2/2016,200.582962,0.000501187,1
12/5/2016,201.788147,0.006008411,1
12/6/2016,202.4273224,0.003167557,1
12/7/2016,205.0751953,0.01308061,1
12/8/2016,205.5773926,0.002448845,1
12/9/2016,206.8191681,0.006040428,1
12/12/2016,206.5818176,-0.001147623,0
12/13/2016,207.9605255,0.006673907,1
12/14/2016,206.2439575,-0.008254297,0
12/15/2016,207.0930939,0.004117145,1
12/16/2016,206.6881104,-0.001955563,0
12/19/2016,207.1381531,0.0021774,1
12/20/2016,207.9371643,0.003857383,1
12/21/2016,207.3585815,-0.002782488,0
12/22/2016,207.0003815,-0.001727443,0
12/23/2016,207.303421,0.001463956,1
12/27/2016,207.8177795,0.002481187,1
12/28/2016,206.1002655,-0.008264519,0
12/29/2016,206.0543365,-0.000222848,0
12/30/2016,205.3012238,-0.003654923,0
1/3/2017,206.8717651,0.007649937,1
1/4/2017,208.1025085,0.005949306,1
1/5/2017,207.9371643,-0.000794533,0
1/6/2017,208.6811218,0.0035778,1
1/9/2017,207.9923096,-0.003300789,0
1/10/2017,207.9923096,0,0
1/11/2017,208.5801239,0.002826135,1
1/12/2017,208.0565948,-0.002509966,0
1/13/2017,208.5341949,0.00229553,1
1/17/2017,207.7994385,-0.003523434,0
1/18/2017,208.2586365,0.002209813,1
1/19/2017,207.4871368,-0.003704526,0
1/20/2017,208.2494507,0.003674029,1
1/23/2017,207.7075806,-0.002602024,0
1/24/2017,209.0392914,0.006411469,1
1/25/2017,210.8486938,0.008655801,1
1/26/2017,210.6282349,-0.001045579,0
1/27/2017,210.2975769,-0.001569865,0
1/30/2017,208.9933929,-0.006201612,0
1/31/2017,208.9750366,-8.78E-05,0
2/1/2017,209.0576782,0.000395462,1
2/2/2017,209.1954651,0.000659085,1
2/3/2017,210.6374359,0.006892935,1
2/6/2017,210.260849,-0.001787844,0
2/7/2017,210.2700195,4.36E-05,1
2/8/2017,210.545578,0.001310498,1
2/9/2017,211.794693,0.005932753,1
2/10/2017,212.6304932,0.003946275,1
2/13/2017,213.7876892,0.005442286,1
2/14/2017,214.6418457,0.003995349,1
2/15/2017,215.7623444,0.005220318,1
2/16/2017,215.5787201,-0.000851049,0
2/17/2017,215.9184875,0.001576071,1
2/21/2017,217.2043457,0.005955294,1
2/22/2017,217.0114594,-0.000888041,0
2/23/2017,217.158432,0.000677258,1
2/24/2017,217.4339905,0.001268928,1
2/27/2017,217.7737732,0.001562694,1
2/28/2017,217.1860046,-0.002698987,0
3/1/2017,220.2260284,0.013997328,1
3/2/2017,218.8391876,-0.006297352,0
3/3/2017,218.9769592,0.000629556,1
3/6/2017,218.3248596,-0.002977937,0
3/7/2017,217.6727295,-0.002986971,0
3/8/2017,217.2686157,-0.00185652,0
3/9/2017,217.5441284,0.001268074,1
3/10/2017,218.3064728,0.003504321,1
3/13/2017,218.4167023,0.00050493,1
3/14/2017,217.5808716,-0.003826771,0
3/15/2017,219.4637451,0.008653672,1
3/16/2017,219.0320282,-0.001967145,0
3/17/2017,218.6473846,-0.001756106,0
3/20/2017,218.4075775,-0.001096776,0
3/21/2017,215.6033173,-0.012839574,0
3/22/2017,216.1106567,0.002353115,1
3/23/2017,215.8800659,-0.001067003,0
3/24/2017,215.7232513,-0.000726397,0
3/27/2017,215.5018616,-0.001026268,0
3/28/2017,217.0700073,0.007276716,1
3/29/2017,217.2729187,0.000934774,1
3/30/2017,217.964798,0.003184379,1
3/31/2017,217.457428,-0.002327761,0
4/3/2017,217.0792542,-0.001739071,0
4/4/2017,217.2176056,0.000637331,1
4/5/2017,216.5718994,-0.002972624,0
4/6/2017,217.1807404,0.002811265,1
4/7/2017,216.9593353,-0.001019451,0
4/10/2017,217.0884552,0.000595134,1
4/11/2017,216.8302002,-0.00118963,0
4/12/2017,215.8800659,-0.004381928,0
4/13/2017,214.4779358,-0.00649495,0
4/17/2017,216.3781891,0.008859901,1
4/18/2017,215.7324524,-0.002984297,0
4/19/2017,215.3358459,-0.001838418,0
4/20/2017,217.0884552,0.008138957,1
4/21/2017,216.3966522,-0.003186733,0
4/24/2017,218.7765503,0.010997851,1
4/25/2017,220.04953,0.00581863,1
4/26/2017,219.9111328,-0.000628937,0
4/27/2017,220.0956421,0.000839017,1
4/28/2017,219.6159363,-0.002179533,0
5/1/2017,220.1694336,0.002520297,1
5/2/2017,220.2524414,0.000377018,1
5/3/2017,219.9849396,-0.001214524,0
5/4/2017,220.2432251,0.001174105,1
5/5/2017,221.110321,0.003936993,1
5/8/2017,221.0734406,-0.000166797,0
5/9/2017,220.8704987,-0.000917984,0
5/10/2017,221.2671356,0.00179579,1
5/11/2017,220.815155,-0.002042692,0
5/12/2017,220.4461517,-0.001671096,0
5/15/2017,221.6638031,0.005523577,1
5/16/2017,221.4608765,-0.00091547,0
5/17/2017,217.5312195,-0.017744249,0
5/18/2017,218.4075775,0.004028654,1
5/19/2017,219.8281403,0.006504183,1
5/22/2017,220.9442749,0.005077306,1
5/23/2017,221.4331665,0.002212737,1
5/24/2017,221.9497833,0.00233306,1
5/25/2017,223.0105286,0.004779213,1
5/26/2017,222.9644318,-0.000206702,0
5/30/2017,222.7707214,-0.000868795,0
5/31/2017,222.7153625,-0.000248502,0
6/1/2017,224.4864502,0.007952247,1
6/2/2017,225.2336731,0.003328588,1
6/5/2017,225.0676117,-0.000737285,0
6/6/2017,224.3481293,-0.003196739,0
6/7/2017,224.7631989,0.001850114,1
6/8/2017,224.8739014,0.00049253,1
6/9/2017,224.5326233,-0.001517642,0
6/12/2017,224.4864502,-0.000205641,0
6/13/2017,225.584198,0.00489004,1
6/14/2017,225.2982178,-0.001267732,0
6/15/2017,224.8647003,-0.001924194,0
6/16/2017,224.9138184,0.000218434,1
6/19/2017,226.7862396,0.008325061,1
6/20/2017,225.2567596,-0.006744148,0
6/21/2017,225.2011719,-0.000246775,0
6/22/2017,225.0992126,-0.000452747,0
6/23/2017,225.3680267,0.001194203,1
6/26/2017,225.5163116,0.000657968,1
6/27/2017,223.6995239,-0.008056126,0
6/28/2017,225.7017212,0.008950387,1
6/29/2017,223.7180786,-0.008788779,0
6/30/2017,224.1351776,0.001864396,1
7/3/2017,224.5152588,0.001695768,1
7/5/2017,225.0343018,0.002311838,1
7/6/2017,222.9764862,-0.009144453,0
7/7/2017,224.4225464,0.006485259,1
7/10/2017,224.663559,0.001073923,1
7/11/2017,224.4967041,-0.000742688,0
7/12/2017,226.1837616,0.007514843,1
7/13/2017,226.5637512,0.001680004,1
7/14/2017,227.6204834,0.004664171,1
7/17/2017,227.5926514,-0.000122274,0
7/18/2017,227.7131958,0.00052965,1
7/19/2017,228.9460602,0.00541411,1
7/20/2017,229.0480042,0.000445275,1
7/21/2017,228.8440399,-0.000890487,0
7/24/2017,228.7884369,-0.000242973,0
7/25/2017,229.3446045,0.002430925,1
7/26/2017,229.3538818,4.05E-05,1
7/27/2017,229.1407013,-0.000929483,0
7/28/2017,228.8718719,-0.001173206,0
7/31/2017,228.7421112,-0.000566958,0
8/1/2017,229.2519226,0.002228761,1
8/2/2017,229.3631439,0.000485149,1
8/3/2017,228.9182434,-0.001939721,0
8/4/2017,229.3353424,0.001822044,1
8/7/2017,229.761734,0.001859249,1
8/8/2017,229.1963043,-0.002460939,0
8/9/2017,229.1870422,-4.04E-05,0
8/10/2017,225.9519653,-0.014115444,0
8/11/2017,226.2856903,0.001476973,1
8/14/2017,228.5289154,0.009913243,1
8/15/2017,228.5010834,-0.000121788,0
8/16/2017,228.8996887,0.001744435,1
8/17/2017,225.3309174,-0.015590984,0
8/18/2017,224.978714,-0.001563049,0
8/21/2017,225.1548309,0.000782816,1
8/22/2017,227.5092468,0.010456875,1
8/23/2017,226.6935577,-0.003585301,0
8/24/2017,226.1651764,-0.002330818,0
8/25/2017,226.6935577,0.002336263,1
8/28/2017,226.7028046,4.08E-05,1
8/29/2017,226.962326,0.001144765,1
8/30/2017,228.0375977,0.004737666,1
8/31/2017,229.4095154,0.006016191,1
9/1/2017,229.7339172,0.001414073,1
9/5/2017,228.0839844,-0.00718193,0
9/6/2017,228.8625793,0.003413633,1
9/7/2017,228.8347626,-0.000121544,0
9/8/2017,228.5659637,-0.001174642,0
9/11/2017,231.0038452,0.010665986,1
9/12/2017,231.7824707,0.003370617,1
9/13/2017,231.8937073,0.000479918,1
9/14/2017,231.8195801,-0.00031966,0
9/15/2017,232.1316223,0.001346056,1
9/18/2017,232.625351,0.002126934,1
9/19/2017,232.8582306,0.001001093,1
9/20/2017,232.9420624,0.000360012,1
9/21/2017,232.3179169,-0.002679402,0
9/22/2017,232.3645325,0.000200654,1
9/25/2017,231.889389,-0.002044819,0
9/26/2017,232.0291595,0.000602746,1
9/27/2017,232.9327545,0.003894316,1
9/28/2017,233.2122192,0.001199766,1
9/29/2017,234.0319824,0.003515095,1
10/2/2017,235.0473633,0.004338641,1
10/3/2017,235.550415,0.002140214,1
10/4/2017,235.8298492,0.001186303,1
10/5/2017,237.2271729,0.005925135,1
10/6/2017,236.957016,-0.001138811,0
10/9/2017,236.5657654,-0.001651146,0
10/10/2017,237.1899414,0.002638488,1
10/11/2017,237.5625305,0.001570847,1
10/12/2017,237.2085419,-0.001490086,0
10/13/2017,237.497345,0.001217507,1
10/16/2017,237.8140411,0.001333472,1
10/17/2017,237.98172,0.000705084,1
10/18/2017,238.2145996,0.000978561,1
10/19/2017,238.2798157,0.00027377,1
10/20/2017,239.5094452,0.005160443,1
10/23/2017,238.5778809,-0.003889468,0
10/24/2017,238.9971161,0.001757226,1
10/25/2017,237.8140411,-0.004950164,0
10/26/2017,238.1214294,0.001292557,1
10/27/2017,240.0683746,0.00817627,1
10/30/2017,239.1741333,-0.003724944,0
10/31/2017,239.5467224,0.001557815,1
11/1/2017,239.8634338,0.001322128,1
11/2/2017,239.956604,0.00038843,1
11/3/2017,240.7577515,0.003338718,1
11/6/2017,241.1303558,0.001547632,1
11/7/2017,240.9626617,-0.00069545,0
11/8/2017,241.3725128,0.00170089,1
11/9/2017,240.4968872,-0.003627694,0
11/10/2017,240.422348,-0.000309938,0
11/13/2017,240.6459503,0.00093004,1
11/14/2017,240.0870209,-0.002322621,0
11/15/2017,238.8852997,-0.005005357,0
11/16/2017,240.9161072,0.008501182,1
11/17/2017,240.2081299,-0.002938688,0
11/20/2017,240.6179962,0.001706297,1
11/21/2017,242.192276,0.006542652,1
11/22/2017,241.9780426,-0.000884559,0
11/24/2017,242.5369873,0.002309898,1
11/27/2017,242.4158783,-0.000499342,0
11/28/2017,244.8751526,0.010144856,1
11/29/2017,244.7260895,-0.000608731,0
11/30/2017,246.8686218,0.008754818,1
12/1/2017,246.3562927,-0.002075311,0
12/4/2017,246.0582733,-0.001209709,0
12/5/2017,245.173233,-0.003596873,0
12/6/2017,245.2198334,0.000190071,1
12/7/2017,245.9930573,0.003153187,1
12/8/2017,247.3344421,0.005452938,1
12/11/2017,248.0797119,0.003013207,1
12/12/2017,248.5175171,0.001764776,1
12/13/2017,248.4895325,-0.000112606,0
12/14/2017,247.4741974,-0.004086028,0
12/15/2017,249.5349579,0.008327173,1
12/18/2017,251.1173248,0.006341264,1
12/19/2017,250.1529846,-0.003840198,0
12/20/2017,250.0218658,-0.000524154,0
12/21/2017,250.5368195,0.002059634,1
12/22/2017,250.471344,-0.000261341,0
12/26/2017,250.1717072,-0.001196292,0
12/27/2017,250.2933807,0.00048636,1
12/28/2017,250.8083496,0.002057461,1
12/29/2017,249.8626404,-0.003770645,0
1/2/2018,251.6510315,0.007157497,1
1/3/2018,253.2427368,0.00632505,1
1/4/2018,254.3101501,0.004214981,1
1/5/2018,256.0048218,0.006663799,1
1/8/2018,256.473053,0.001828994,1
1/9/2018,257.0535278,0.002263298,1
1/10/2018,256.6602478,-0.001529954,0
1/11/2018,258.5328979,0.007296222,1
1/12/2018,260.2182312,0.006518835,1
1/16/2018,259.3287964,-0.003418034,0
1/17/2018,261.8005981,0.009531536,1
1/18/2018,261.3605347,-0.001680911,0
1/19/2018,262.5496521,0.004549721,1
1/22/2018,264.6843872,0.008130786,1
1/23/2018,265.2461853,0.002122521,1
1/24/2018,265.143219,-0.000388191,0
1/25/2018,265.2555542,0.000423677,1
1/26/2018,268.3266602,0.011577914,1
1/29/2018,266.547699,-0.006629834,0
1/30/2018,263.8136597,-0.010257223,0
1/31/2018,263.9446716,0.000496608,1
2/1/2018,263.6451416,-0.001134821,0
2/2/2018,257.9056091,-0.021769916,0
2/5/2018,247.1193542,-0.04182249,0
2/6/2018,251.9880981,0.019701993,1
2/7/2018,250.621109,-0.005424816,0
2/8/2018,241.2205811,-0.037508923,0
2/9/2018,244.8440704,0.015021477,1
2/12/2018,248.4395142,0.014684627,1
2/13/2018,249.0574036,0.002487082,1
2/14/2018,252.418808,0.013496505,1
2/15/2018,255.6396637,0.012759967,1
2/16/2018,255.7145996,0.000293131,1
2/20/2018,254.1135559,-0.006261057,0
2/21/2018,252.849472,-0.004974484,0
2/22/2018,253.1772003,0.00129614,1
2/23/2018,257.212738,0.015939578,1
2/26/2018,260.1994934,0.011612004,1
2/27/2018,256.9505615,-0.012486311,0
2/28/2018,254.347641,-0.010130044,0
3/1/2018,250.6491852,-0.014540948,0
3/2/2018,251.9412842,0.00515501,1
3/5/2018,254.8531799,0.011557835,1
3/6/2018,255.4992828,0.002535197,1
3/7/2018,255.4055939,-0.00036669,0
3/8/2018,256.6415405,0.004839153,1
3/9/2018,261.1077576,0.017402549,1
3/12/2018,260.7800293,-0.001255146,0
3/13/2018,259.0946655,-0.006462779,0
3/14/2018,257.7650452,-0.005131794,0
3/15/2018,257.4842224,-0.001089452,0
3/16/2018,257.7634583,0.001084477,1
3/19/2018,254.2757874,-0.013530509,0
3/20/2018,254.7081909,0.00170053,1
3/21/2018,254.2194519,-0.001918819,0
3/22/2018,247.8646393,-0.02499735,0
3/23/2018,242.5814972,-0.021314626,0
3/26/2018,249.2183075,0.027359095,1
3/27/2018,244.9786987,-0.017011627,0
3/28/2018,244.2548065,-0.002954919,0
3/29/2018,247.375824,0.012777712,1
4/2/2018,242.0363159,-0.021584599,0
4/3/2018,245.1384735,0.01281691,1
4/4/2018,247.7612152,0.010699021,1
4/5/2018,249.7165833,0.007892147,1
4/6/2018,244.1513824,-0.022286068,0
4/9/2018,245.3546753,0.00492847,1
4/10/2018,249.2558746,0.015900245,1
4/11/2018,247.9492645,-0.005242043,0
4/12/2018,249.9891663,0.008227093,1
4/13/2018,249.2558746,-0.002933294,0
4/16/2018,251.3052216,0.00822186,1
4/17/2018,253.9937286,0.010698174,1
4/18/2018,254.1818085,0.00074049,1
4/19/2018,252.7717743,-0.005547345,0
4/20/2018,250.6283569,-0.008479655,0
4/23/2018,250.5907593,-0.000150014,0
4/24/2018,247.2159576,-0.013467383,0
4/25/2018,247.8270416,0.002471863,1
4/26/2018,250.346405,0.010165813,1
4/27/2018,250.5813599,0.000938519,1
4/30/2018,248.6543579,-0.007690125,0
5/1/2018,249.0960693,0.001776407,1
5/2/2018,247.4228516,-0.006717158,0
5/3/2018,246.8776245,-0.002203624,0
5/4/2018,250.0737457,0.012946176,1
5/7/2018,250.9198456,0.003383401,1
5/8/2018,250.9198456,0,0
5/9/2018,253.3451691,0.00966573,1
5/10/2018,255.7140961,0.009350591,1
5/11/2018,256.4943848,0.003051411,1
5/14/2018,256.6166077,0.000476513,1
5/15/2018,254.8492432,-0.006887179,0
5/16/2018,255.9209442,0.004205235,1
5/17/2018,255.7047729,-0.00084468,0
5/18/2018,255.0654449,-0.002500258,0
5/21/2018,256.9831238,0.00751838,1
5/22/2018,256.2687378,-0.002779895,0
5/23/2018,256.9737549,0.002751085,1
5/24/2018,256.4473572,-0.002048449,0
5/25/2018,255.8363037,-0.002382764,0
5/29/2018,252.8938904,-0.011501156,0
5/30/2018,256.2687378,0.013344915,1
5/31/2018,254.6988678,-0.006125874,0
6/1/2018,257.1993713,0.00981749,1
6/4/2018,258.4214172,0.004751356,1
6/5/2018,258.6094666,0.000727685,1
6/6/2018,260.7716064,0.008360637,1
6/7/2018,260.7433472,-0.000108368,0
6/8/2018,261.5141907,0.00295633,1
6/11/2018,261.8620911,0.001330331,1
6/12/2018,262.2004395,0.001292086,1
6/13/2018,261.3638,-0.003190839,0
6/14/2018,262.0219421,0.002518107,1
6/15/2018,261.6876526,-0.001275807,0
6/18/2018,261.149353,-0.002057031,0
6/19/2018,260.148407,-0.003832849,0
6/20/2018,260.5922546,0.001706133,1
6/21/2018,258.9585876,-0.006269054,0
6/22/2018,259.4307556,0.001823334,1
6/25/2018,255.8991089,-0.013613061,0
6/26/2018,256.4657288,0.002214232,1
6/27/2018,254.341095,-0.00828428,0
6/28/2018,255.7953491,0.005717732,1
6/29/2018,256.1635132,0.001439291,1
7/2/2018,256.7112427,0.002138203,1
7/3/2018,255.8047485,-0.003531182,0
7/5/2018,257.8916321,0.008158111,1
7/6/2018,260.0729675,0.008458341,1
7/9/2018,262.4146423,0.009003915,1
7/10/2018,263.3589478,0.003598524,1
7/11/2018,261.4325867,-0.007314584,0
7/12/2018,263.8027344,0.009066,1
7/13/2018,264.0105286,0.000787688,1
7/16/2018,263.7744446,-0.000894222,0
7/17/2018,264.8414917,0.004045301,1
7/18/2018,265.3985596,0.002103401,1
7/19/2018,264.3977051,-0.003771138,0
7/20/2018,264.09552,-0.001142919,0
7/23/2018,264.5865173,0.001859166,1
7/24/2018,265.9179382,0.005032081,1
7/25/2018,268.1842346,0.00852254,1
7/26/2018,267.5514832,-0.002359391,0
7/27/2018,265.7385559,-0.006775994,0
7/30/2018,264.3504944,-0.00522341,0
7/31/2018,265.6535339,0.004929212,1
8/1/2018,265.2097168,-0.001670662,0
8/2/2018,266.6545105,0.00544774,1
8/3/2018,267.7970886,0.004284863,1
8/6/2018,268.7791138,0.003667049,1
8/7/2018,269.666748,0.003302467,1
8/8/2018,269.5534058,-0.000420305,0
8/9/2018,269.1852112,-0.001365943,0
8/10/2018,267.3816528,-0.006700065,0
8/13/2018,266.3806763,-0.003743625,0
8/14/2018,268.0802917,0.006380401,1
8/15/2018,266.0785522,-0.00746694,0
8/16/2018,268.2314453,0.008091194,1
8/17/2018,269.1757202,0.003520374,1
8/20/2018,269.7517395,0.002139938,1
8/21/2018,270.3843689,0.002345228,1
8/22/2018,270.2239075,-0.000593457,0
8/23/2018,269.8650208,-0.001328109,0
8/24/2018,271.4892578,0.006018702,1
8/27/2018,273.6326599,0.007894979,1
8/28/2018,273.7649231,0.00048336,1
8/29/2018,275.2379761,0.005380722,1
8/30/2018,274.1237793,-0.004048122,0
8/31/2018,274.1332092,3.44E-05,1
9/4/2018,273.6610413,-0.001722403,0
9/5/2018,272.92453,-0.002691327,0
9/6/2018,272.1030273,-0.003009999,0
9/7/2018,271.5741577,-0.001943637,0
9/10/2018,272.0463257,0.001738634,1
9/11/2018,272.9433594,0.003297356,1
9/12/2018,273.0094604,0.000242179,1
9/13/2018,274.624176,0.005914504,1
9/14/2018,274.6714478,0.000172132,1
9/17/2018,273.2172546,-0.0052943,0
9/18/2018,274.6997375,0.005426022,1
9/19/2018,274.9924316,0.001065506,1
9/20/2018,277.2209473,0.008103916,1
9/21/2018,276.9676819,-0.000913587,0
9/24/2018,276.0475769,-0.003322066,0
9/25/2018,275.7915039,-0.000927641,0
9/26/2018,274.9662781,-0.002992209,0
9/27/2018,275.7345886,0.002794199,1
9/28/2018,275.7630005,0.000103041,1
10/1/2018,276.7211304,0.003474469,1
10/2/2018,276.5598145,-0.000582955,0
10/3/2018,276.7115784,0.000548756,1
10/4/2018,274.5488892,-0.00781568,0
10/5/2018,273.0122375,-0.005597005,0
10/8/2018,273.0122375,0,0
10/9/2018,272.6138611,-0.001459189,0
10/10/2018,263.9820862,-0.031663008,0
10/11/2018,258.1674194,-0.022026747,0
10/12/2018,261.7529297,0.013888314,1
10/15/2018,260.2827148,-0.005616804,0
10/16/2018,265.9739685,0.021865661,1
10/17/2018,266.0214233,0.000178419,1
10/18/2018,262.179718,-0.014441338,0
10/19/2018,262.0375061,-0.000542421,0
10/22/2018,260.8612061,-0.004489052,0
10/23/2018,259.5332947,-0.00509049,0
10/24/2018,251.6697693,-0.030298715,0
10/25/2018,256.1849365,0.017940841,1
10/26/2018,251.6792908,-0.017587473,0
10/29/2018,250.2849121,-0.0055403,0
10/30/2018,253.9937744,0.014818561,1
10/31/2018,256.7066345,0.010680813,1
11/1/2018,259.4385071,0.010642002,1
11/2/2018,257.9017944,-0.005923225,0
11/5/2018,259.324646,0.005517029,1
11/6/2018,260.9655762,0.006327706,1
11/7/2018,266.5526123,0.021409092,1
11/8/2018,266.0688171,-0.001815008,0
11/9/2018,263.4697876,-0.009768261,0
11/12/2018,258.5467834,-0.01868527,0
11/13/2018,258.0630798,-0.001870855,0
11/14/2018,256.2987671,-0.00683675,0
11/15/2018,258.9736328,0.010436514,1
11/16/2018,259.6471558,0.002600739,1
11/19/2018,255.2553101,-0.016914669,0
11/20/2018,250.5315247,-0.01850612,0
11/21/2018,251.3852234,0.00340755,1
11/23/2018,249.7062988,-0.006678692,0
11/26/2018,253.7376709,0.016144455,1
11/27/2018,254.5913391,0.003364373,1
11/28/2018,260.4533997,0.023025373,1
11/29/2018,259.8843079,-0.002185004,0
11/30/2018,261.4683228,0.006095077,1
12/3/2018,264.930603,0.013241682,1
12/4/2018,256.3460999,-0.032402837,0
12/6/2018,255.9572754,-0.001516795,0
12/7/2018,250.0098419,-0.02323604,0
12/10/2018,250.4841461,0.001897142,1
12/11/2018,250.5410309,0.000227099,1
12/12/2018,251.8026276,0.005035489,1
12/13/2018,251.7172852,-0.000338926,0
12/14/2018,247.0693359,-0.018464958,0
12/17/2018,242.222229,-0.019618408,0
12/18/2018,241.9566345,-0.001096491,0
12/19/2018,238.3331299,-0.014975843,0
12/20/2018,234.4535828,-0.016277834,0
12/21/2018,229.6497498,-0.020489484,0
12/24/2018,223.5817108,-0.026423016,0
12/26/2018,234.8781586,0.050524919,1
12/27/2018,236.6814117,0.007677398,1
12/28/2018,236.3761139,-0.001289911,0
12/31/2018,238.4464569,0.008758681,1
1/2/2019,238.6945648,0.001040518,1
1/3/2019,232.9986267,-0.023862873,0
1/4/2019,240.8030853,0.033495728,1
1/7/2019,242.7017059,0.007884536,1
1/8/2019,244.9819641,0.009395312,1
1/9/2019,246.1268921,0.004673519,1
1/10/2019,246.995163,0.003527737,1
1/11/2019,247.0905457,0.000386172,1
1/14/2019,245.5830688,-0.006100908,0
1/15/2019,248.397644,0.011460787,1
1/16/2019,248.9987335,0.002419868,1
1/17/2019,250.8878021,0.007586659,1
1/18/2019,254.2271881,0.013310276,1
1/22/2019,250.7924042,-0.013510687,0
1/23/2019,251.3171997,0.00209255,1
1/24/2019,251.4507446,0.00053138,1
1/25/2019,253.5783386,0.008461275,1
1/28/2019,251.6510925,-0.0076002,0
1/29/2019,251.3171997,-0.001326809,0
1/30/2019,255.2957306,0.015830715,1
1/31/2019,257.5378113,0.008782288,1
2/1/2019,257.6618347,0.000481574,1
2/4/2019,259.4746399,0.007035598,1
2/5/2019,260.5623169,0.004191843,1
2/6/2019,260.218811,-0.001318325,0
2/7/2019,257.7381592,-0.009532946,0
2/8/2019,258.0530396,0.001221706,1
2/11/2019,258.196167,0.000554644,1
2/12/2019,261.5164185,0.012859414,1
2/13/2019,262.3655701,0.00324703,1
2/14/2019,261.7835999,-0.002218165,0
2/15/2019,264.636261,0.01089702,1
2/19/2019,265.0942688,0.001730707,1
2/20/2019,265.62854,0.002015401,1
2/21/2019,264.6839905,-0.003555904,0
2/22/2019,266.3250122,0.006199928,1
2/25/2019,266.687561,0.001361302,1
2/26/2019,266.4967957,-0.000715314,0
2/27/2019,266.3822937,-0.000429656,0
2/28/2019,265.8861694,-0.001862452,0
3/1/2019,267.5462952,0.006243746,1
3/4/2019,266.5730591,-0.003637636,0
3/5/2019,266.2105103,-0.001360036,0
3/6/2019,264.598114,-0.006056847,0
3/7/2019,262.384552,-0.008365751,0
3/8/2019,261.8598328,-0.00199981,0
3/11/2019,265.657196,0.014501511,1
3/12/2019,266.6589661,0.003770912,1
3/13/2019,268.4240112,0.006619111,1
3/14/2019,268.2522888,-0.000639743,0
3/15/2019,269.5776062,0.004940563,1
3/18/2019,270.5550232,0.003625735,1
3/19/2019,270.6221313,0.000248039,1
3/20/2019,269.8076172,-0.003009784,0
3/21/2019,272.8549805,0.011294578,1
3/22/2019,267.6035461,-0.019246247,0
3/25/2019,267.4022827,-0.000752096,0
3/26/2019,269.3955078,0.007454032,1
3/27/2019,267.9868164,-0.005229083,0
3/28/2019,269.0026245,0.003790515,1
3/29/2019,270.6987915,0.006305392,1
4/1/2019,273.9090881,0.011859294,1
4/2/2019,274.0432739,0.000489892,1
4/3/2019,274.4744568,0.001573412,1
4/4/2019,275.2027588,0.002653442,1
4/5/2019,276.5348206,0.004840292,1
4/8/2019,276.745636,0.000762347,1
4/9/2019,275.3273926,-0.005124718,0
4/10/2019,276.26651,0.003410912,1
4/11/2019,276.1898193,-0.000277597,0
4/12/2019,278.0585022,0.006765937,1
4/15/2019,277.8764038,-0.000654892,0
4/16/2019,278.0585022,0.000655322,1
4/17/2019,277.3780823,-0.002447039,0
4/18/2019,277.9243469,0.001969386,1
4/22/2019,278.1638794,0.000861862,1
4/23/2019,280.6650391,0.008991677,1
4/24/2019,280.0421753,-0.002219242,0
4/25/2019,279.8696899,-0.000615926,0
4/26/2019,281.1730042,0.004656861,1
4/29/2019,281.6137695,0.001567595,1
4/30/2019,281.7575378,0.000510516,1
5/1/2019,279.6396484,-0.007516709,0
5/2/2019,279.0359497,-0.002158845,0
5/3/2019,281.7671204,0.009787881,1
5/6/2019,280.6075439,-0.004115372,0
5/7/2019,275.9214783,-0.016699714,0
5/8/2019,275.5381775,-0.001389166,0
5/9/2019,274.7044983,-0.00302564,0
5/10/2019,276.0844421,0.005023376,1
5/13/2019,269.1463928,-0.025130171,0
5/14/2019,271.5804749,0.00904371,1
5/15/2019,273.1711426,0.005857077,1
5/16/2019,275.7010803,0.009261365,1
5/17/2019,273.9187012,-0.006464897,0
5/20/2019,272.1074829,-0.006612248,0
5/21/2019,274.5607605,0.00901584,1
5/22/2019,273.7174072,-0.003071645,0
5/23/2019,270.3730164,-0.012218408,0
5/24/2019,270.9862671,0.002268165,1
5/28/2019,268.4660034,-0.009300337,0
5/29/2019,266.6643677,-0.006710852,0
5/30/2019,267.3927002,0.00273127,1
5/31/2019,263.7894897,-0.013475351,0
6/3/2019,263.1187439,-0.002542732,0
6/4/2019,268.8301697,0.021706647,1
6/5/2019,271.1587524,0.00866191,1
6/6/2019,272.9220276,0.006502741,1
6/7/2019,275.6531372,0.010006923,1
6/10/2019,276.9181519,0.004589154,1
6/11/2019,276.8510437,-0.000242339,0
6/12/2019,276.3623047,-0.00176535,0
6/13/2019,277.502655,0.004126288,1
6/14/2019,277.1960449,-0.001104891,0
6/17/2019,277.3014526,0.000380264,1
6/18/2019,280.2051392,0.010471227,1
6/19/2019,280.8375549,0.002256974,1
6/20/2019,283.5207825,0.009554376,1
6/21/2019,283.1085815,-0.001453865,0
6/24/2019,282.7619629,-0.001224331,0
6/25/2019,279.9887085,-0.009807735,0
6/26/2019,279.7094421,-0.00099742,0
6/27/2019,280.7012634,0.003545898,1
6/28/2019,282.1456909,0.005145782,1
7/1/2019,284.7070923,0.009078293,1
7/2/2019,285.4485779,0.00260438,1
7/3/2019,287.730835,0.007995335,1
7/5/2019,287.4033813,-0.001138055,0
7/8/2019,285.8241882,-0.005494692,0
7/9/2019,286.1804199,0.001246332,1
7/10/2019,287.547821,0.004778109,1
7/11/2019,288.2219238,0.002344315,1
7/12/2019,289.5122986,0.004477018,1
7/15/2019,289.6086121,0.000332675,1
7/16/2019,288.67453,-0.003225325,0
7/17/2019,286.7100525,-0.006805164,0
7/18/2019,287.7596741,0.003660917,1
7/19/2019,286.1611938,-0.005554914,0
7/22/2019,286.8641357,0.002456454,1
7/23/2019,288.9152222,0.007150027,1
7/24/2019,290.2730103,0.004699607,1
7/25/2019,288.8863525,-0.004777081,0
7/26/2019,290.8218689,0.006699923,1
7/29/2019,290.2922363,-0.001821158,0
7/30/2019,289.5797119,-0.002454507,0
7/31/2019,286.4115601,-0.010940517,0
8/1/2019,283.9174805,-0.008708027,0
8/2/2019,281.7797546,-0.007529391,0
8/5/2019,273.3057556,-0.030073129,0
8/6/2019,277.1383362,0.014023051,1
8/7/2019,277.3020325,0.000590666,1
8/8/2019,282.7427368,0.019620139,1
8/9/2019,280.8167419,-0.006811828,0
8/12/2019,277.3982849,-0.012173266,0
8/13/2019,281.7123413,0.01555185,1
8/14/2019,273.3827515,-0.029567714,0
8/15/2019,274.1049805,0.002641824,1
8/16/2019,278.1494141,0.014755053,1
8/19/2019,281.5005188,0.012047858,1
8/20/2019,279.3434143,-0.007662879,0
8/21/2019,281.6160583,0.008135664,1
8/22/2019,281.5293884,-0.000307759,0
8/23/2019,274.2976379,-0.025687373,0
8/26/2019,277.3309021,0.011058295,1
8/27/2019,276.2427979,-0.003923487,0
8/28/2019,278.1879578,0.007041486,1
8/29/2019,281.7412109,0.01277285,1
8/30/2019,281.6160583,-0.000444211,0
9/3/2019,279.9693604,-0.005847316,0
9/4/2019,283.1471558,0.011350511,1
9/5/2019,286.7871094,0.012855342,1
9/6/2019,287.008606,0.000772338,1
9/9/2019,287.1530762,0.000503365,1
9/10/2019,287.0856628,-0.000234764,0
9/11/2019,289.1270447,0.007110706,1
9/12/2019,290.12854,0.003463859,1
9/13/2019,289.9360046,-0.000663621,0
9/16/2019,289.0404663,-0.003088745,0
9/17/2019,289.7723083,0.002531971,1
9/18/2019,289.9456177,0.000598088,1
9/19/2019,289.9263306,-6.65E-05,0
9/20/2019,288.556488,-0.004724795,0
9/23/2019,288.4887695,-0.00023468,0
9/24/2019,286.2250671,-0.007846761,0
9/25/2019,287.9180298,0.005914795,1
9/26/2019,287.3182373,-0.002083206,0
9/27/2019,285.7703552,-0.005387344,0
9/30/2019,287.0957336,0.004637914,1
10/1/2019,283.6807861,-0.011894804,0
10/2/2019,278.6697083,-0.017664495,0
10/3/2019,280.9527588,0.008192676,1
10/4/2019,284.7546387,0.013532097,1
10/7/2019,283.526001,-0.004314724,0
10/8/2019,279.1243896,-0.015524542,0
10/9/2019,281.7750244,0.009496249,1
10/10/2019,283.6807861,0.006763416,1
10/11/2019,286.6216736,0.01036689,1
10/14/2019,286.3024597,-0.001113712,0
10/15/2019,289.1369324,0.009900274,1
10/16/2019,288.6726074,-0.0016059,0
10/17/2019,289.5238953,0.002948973,1
10/18/2019,288.2565613,-0.004377304,0
10/21/2019,290.2107239,0.006779248,1
10/22/2019,289.2627258,-0.003266585,0
10/23/2019,290.1043396,0.002909513,1
10/24/2019,290.5783997,0.001634102,1
10/25/2019,291.7683411,0.004095079,1
10/28/2019,293.4128418,0.005636323,1
10/29/2019,293.3257446,-0.000296842,0
10/30/2019,294.2254944,0.003067408,1
10/31/2019,293.4418335,-0.00266347,0
11/1/2019,296.1603088,0.009264103,1
11/4/2019,297.3501892,0.00401769,1
11/5/2019,297.0212708,-0.001106165,0
11/6/2019,297.0889587,0.000227889,1
11/7/2019,298.1337585,0.003516791,1
11/8/2019,298.8690186,0.002466209,1
11/11/2019,298.2982178,-0.001909869,0
11/12/2019,298.9270325,0.002108007,1
11/13/2019,299.0238037,0.000323729,1
11/14/2019,299.4591064,0.001455746,1
11/15/2019,301.6261292,0.007236456,1
11/18/2019,301.8485718,0.000737478,1
11/19/2019,301.7615356,-0.000288344,0
11/20/2019,300.6393738,-0.003718704,0
11/21/2019,300.1556396,-0.001609018,0
11/22/2019,300.8231506,0.002223883,1
11/25/2019,303.1545715,0.007750138,1
11/26/2019,303.8414307,0.002265706,1
11/27/2019,305.1957703,0.004457389,1
11/29/2019,304.0639954,-0.003708357,0
12/2/2019,301.4810181,-0.008494848,0
12/3/2019,299.4591064,-0.006706597,0
12/4/2019,301.3068237,0.006170182,1
12/5/2019,301.8485718,0.001797995,1
12/6/2019,304.6057434,0.009134287,1
12/9/2019,303.6479797,-0.003144273,0
12/10/2019,303.3093872,-0.001115082,0
12/11/2019,304.1703796,0.002838661,1
12/12/2019,306.7920227,0.008618995,1
12/13/2019,306.9758606,0.000599226,1
12/16/2019,309.0848083,0.006870077,1
12/17/2019,309.1525269,0.000219094,1
12/18/2019,309.171814,6.24E-05,1
12/19/2019,310.4390869,0.004098928,1
12/20/2019,311.8001709,0.004384383,1
12/23/2019,312.2764893,0.00152764,1
12/24/2019,312.2861938,3.11E-05,1
12/26/2019,313.9486084,0.005323369,1
12/27/2019,313.8708496,-0.00024768,0
12/30/2019,312.1404114,-0.005513217,0
12/31/2019,312.8986816,0.00242926,1
1/2/2020,315.8248291,0.009351741,1
1/3/2020,313.4333801,-0.007572074,0
1/6/2020,314.6291199,0.003814973,1
1/7/2020,313.7444458,-0.0028118,0
1/8/2020,315.4165649,0.005329558,1
1/9/2020,317.5552979,0.006780661,1
1/10/2020,316.6414795,-0.002877667,0
1/13/2020,318.8191223,0.006877314,1
1/14/2020,318.3330383,-0.001524639,0
1/15/2020,319.0524597,0.002259965,1
1/16/2020,321.7064514,0.008318355,1
1/17/2020,322.7077637,0.003112503,1
1/21/2020,322.0758057,-0.001958298,0
1/22/2020,322.1147156,0.00012081,1
1/23/2020,322.4841309,0.001146844,1
1/24/2020,319.616272,-0.008893023,0
1/27/2020,314.492981,-0.016029506,0
1/28/2020,317.7886353,0.010479262,1
1/29/2020,317.5261536,-0.000825963,0
1/30/2020,318.5566406,0.003245361,1
1/31/2020,312.7723083,-0.01815794,0
2/3/2020,315.0957336,0.007428488,1
2/4/2020,319.8982544,0.015241465,1
2/5/2020,323.5924072,0.011547899,1
2/6/2020,324.6812134,0.003364746,1
2/7/2020,322.9508057,-0.005329559,0
2/10/2020,325.3617249,0.007465283,1
2/11/2020,325.9255981,0.001733066,1
2/12/2020,328.0254822,0.006442832,1
2/13/2020,327.6754761,-0.001067009,0
2/14/2020,328.2004395,0.001602083,1
2/18/2020,327.3547058,-0.002576882,0
2/19/2020,328.9198303,0.004781127,1
2/20/2020,327.5685425,-0.004108259,0
2/21/2020,324.1951599,-0.010298249,0
2/24/2020,313.4430847,-0.03316544,0
2/25/2020,303.9451599,-0.030301912,0
2/26/2020,302.8270874,-0.003678534,0
2/27/2020,289.2266846,-0.044911447,0
2/28/2020,288.0114441,-0.004201689,0
3/2/2020,300.4842224,0.043306537,1
3/3/2020,291.8806458,-0.028632374,0
3/4/2020,304.149231,0.042032884,1
3/5/2020,294.0388184,-0.033241618,0
3/6/2020,289.1780396,-0.016531079,0
3/9/2020,266.5948486,-0.078094419,0
3/10/2020,280.38974,0.051744778,1
3/11/2020,266.7211609,-0.0487485,0
3/12/2020,241.2020264,-0.095677203,0
3/13/2020,261.8215332,0.085486458,1
3/16/2020,233.1720123,-0.109423853,0
3/17/2020,245.7614746,0.053992167,1
3/18/2020,233.3178406,-0.050632973,0
3/19/2020,233.8136749,0.002125145,1
3/20/2020,223.7376251,-0.043094356,0
3/23/2020,218.0170746,-0.02556812,0
3/24/2020,237.7701111,0.090603163,1
3/25/2020,241.3295746,0.014970189,1
3/26/2020,255.4207916,0.05838993,1
3/27/2020,247.8128815,-0.02978579,0
3/30/2020,255.8608246,0.032475887,1
3/31/2020,252.0470886,-0.01490551,0
4/1/2020,240.7037506,-0.045004836,0
4/2/2020,246.2580719,0.023075342,1
4/3/2020,242.6986084,-0.0144542,0
4/6/2020,258.9997253,0.067166092,1
4/7/2020,259.2637939,0.001019571,1
4/8/2020,267.9668579,0.033568374,1
4/9/2020,272.0446167,0.0152174,1
4/13/2020,269.5608521,-0.00912999,0
4/14/2020,277.5109863,0.029492911,1
4/15/2020,271.6143799,-0.021248191,0
4/16/2020,272.9247437,0.004824353,1
4/17/2020,280.2978821,0.02701528,1
4/20/2020,275.3595886,-0.017618019,0
4/21/2020,266.9988098,-0.030363129,0
4/22/2020,272.9247437,0.022194608,1
4/23/2020,272.9051208,-7.19E-05,0
4/24/2020,276.7091064,0.013938858,1
4/27/2020,280.6987915,0.014418337,1
4/28/2020,279.4080505,-0.004598313,0
4/29/2020,286.7225037,0.026178391,1
4/30/2020,284.052948,-0.00931059,0
5/1/2020,276.5330811,-0.026473469,0
5/4/2020,277.2958374,0.002758282,1
5/5/2020,279.8577881,0.009239052,1
5/6/2020,277.9607544,-0.006778563,0
5/7/2020,281.3148499,0.012066795,1
5/8/2020,285.9695435,0.016546207,1
5/11/2020,286.0282288,0.000205215,1
5/12/2020,280.32724,-0.01993156,0
5/13/2020,275.3693848,-0.017685956,0
5/14/2020,278.6648254,0.011967346,1
5/15/2020,279.9458923,0.00459716,1
5/18/2020,288.4729309,0.030459595,1
5/19/2020,285.5099487,-0.010271266,0
5/20/2020,290.3602295,0.016988132,1
5/21/2020,288.3555603,-0.006904076,0
5/22/2020,288.9031677,0.00189907,1
5/26/2020,292.4626465,0.012320664,1
5/27/2020,296.8141785,0.014878933,1
5/28/2020,296.266571,-0.00184495,0
5/29/2020,297.5867004,0.004455884,1
6/1/2020,298.7894897,0.004041811,1
6/2/2020,301.2635193,0.008280176,1
6/3/2020,305.2727661,0.013308106,1
6/4/2020,304.4709167,-0.002626665,0
6/5/2020,312.2743835,0.025629597,1
6/8/2020,316.0489807,0.012087438,1
6/9/2020,313.6922913,-0.007456722,0
6/10/2020,311.941925,-0.005579883,0
6/11/2020,293.9588013,-0.057648948,0
6/12/2020,297.479126,0.011975572,1
6/15/2020,300.2562866,0.009335649,1
6/16/2020,306.0355225,0.019247676,1
6/17/2020,304.7643433,-0.004153698,0
6/18/2020,304.8816223,0.000384819,1
6/19/2020,303.1392517,-0.005714909,0
6/22/2020,305.0839539,0.006415211,1
6/23/2020,306.4884644,0.004603685,1
6/24/2020,298.6703491,-0.025508677,0
6/25/2020,301.8722534,0.01072053,1
6/26/2020,294.7023315,-0.02375151,0
6/29/2020,299.0337219,0.01469751,1
6/30/2020,302.8642273,0.01280961,1
7/1/2020,304.9857483,0.007004858,1
7/2/2020,306.6652832,0.005506929,1
7/6/2020,311.399353,0.015437254,1
7/7/2020,308.1876526,-0.010313767,0
7/8/2020,310.5448608,0.007648614,1
7/9/2020,308.776947,-0.005692942,0
7/10/2020,311.929718,0.010210513,1
7/13/2020,309.2287903,-0.00865877,0
7/14/2020,313.2360535,0.012958894,1
7/15/2020,316.1138306,0.009187247,1
7/16/2020,315.0727234,-0.003293457,0
7/17/2020,315.986145,0.002899082,1
7/20/2020,318.5397949,0.008081525,1
7/21/2020,319.2174988,0.002127533,1
7/22/2020,321.0344849,0.005692,1
7/23/2020,317.2040405,-0.011931567,0
7/24/2020,315.1611328,-0.006440358,0
7/27/2020,317.4593811,0.007292296,1
7/28/2020,315.4459534,-0.006342316,0
7/29/2020,319.3255615,0.012298805,1
7/30/2020,318.1862183,-0.003567968,0
7/31/2020,320.700592,0.007902208,1
8/3/2020,322.9301147,0.006952038,1
8/4/2020,324.1775513,0.003862868,1
8/5/2020,326.1909485,0.006210785,1
8/6/2020,328.3713989,0.006684583,1
8/7/2020,328.6071167,0.000717839,1
8/10/2020,329.5892944,0.002988912,1
8/11/2020,326.8686523,-0.008254643,0
8/12/2020,331.4259949,0.013942428,1
8/13/2020,330.8268433,-0.001807799,0
8/14/2020,330.8366394,2.96E-05,1
8/17/2020,331.8876038,0.003176687,1
8/18/2020,332.6046143,0.002160402,1
8/19/2020,331.2197266,-0.004163766,0
8/20/2020,332.2510071,0.003113584,1
8/21/2020,333.4296265,0.003547376,1
8/24/2020,336.8083191,0.010133151,1
8/25/2020,337.9869385,0.003499377,1
8/26/2020,341.3754272,0.010025502,1
8/27/2020,342.1218567,0.002186535,1
8/28/2020,344.3317566,0.006459394,1
8/31/2020,343.0844116,-0.003622509,0
9/1/2020,346.3157654,0.009418539,1
9/2/2020,351.3248901,0.014464039,1
9/3/2020,339.234314,-0.034414232,0
9/4/2020,336.4645386,-0.008164785,0
9/8/2020,327.2713623,-0.027322868,0
9/9/2020,333.7341003,0.019747337,1
9/10/2020,327.93927,-0.017363615,0
9/11/2020,328.1062012,0.000509031,1
9/14/2020,332.4277954,0.013171328,1
9/15/2020,334.1073303,0.00505233,1
9/16/2020,332.7814026,-0.003968568,0
9/17/2020,329.8544617,-0.008795386,0
9/18/2020,326.0569458,-0.011512701,0
9/21/2020,322.4281006,-0.011129483,0
9/22/2020,325.7118225,0.010184354,1
9/23/2020,318.1582336,-0.023191018,0
9/24/2020,319.0062866,0.002665507,1
9/25/2020,324.1636658,0.016167014,1
9/28/2020,329.547821,0.016609373,1
9/29/2020,327.7530518,-0.005446157,0
9/30/2020,330.2380981,0.007582069,1
10/1/2020,332.3582458,0.006420058,1
10/2/2020,329.2026367,-0.009494602,0
10/5/2020,335.0404358,0.017733148,1
10/6/2020,330.2775269,-0.014215923,0
10/7/2020,336.0265808,0.017406737,1
10/8/2020,339.0045776,0.008862385,1
10/9/2020,342.0319824,0.008930277,1
10/12/2020,347.5344543,0.016087595,1
10/13/2020,345.2664185,-0.006526075,0
10/14/2020,343.0969238,-0.006283538,0
10/15/2020,342.6729126,-0.001235835,0
10/16/2020,342.4658508,-0.000604255,0
10/19/2020,337.2591858,-0.015203458,0
10/20/2020,338.6101685,0.00400577,1
10/21/2020,337.9692078,-0.001892916,0
10/22/2020,339.8230286,0.005485177,1
10/23/2020,340.9768066,0.003395232,1
10/26/2020,334.6755981,-0.018479874,0
10/27/2020,333.5218506,-0.003447361,0
10/28/2020,322.122406,-0.034179004,0
10/29/2020,325.3963013,0.010163513,1
10/30/2020,322.0040894,-0.010424863,0
11/2/2020,325.6132507,0.011208433,1
11/3/2020,331.3622437,0.017655894,1
11/4/2020,338.7679443,0.022349259,1
11/5/2020,345.3748474,0.01950274,1
11/6/2020,345.29599,-0.000228324,0
11/9/2020,349.6348572,0.012565646,1
11/10/2020,349.1220703,-0.001466635,0
11/11/2020,351.7155457,0.007428563,1
11/12/2020,348.3035889,-0.009700898,0
11/13/2020,353.1257019,0.013844569,1
11/16/2020,357.5335999,0.012482518,1
11/17/2020,355.6106873,-0.005378271,0
11/18/2020,351.3309631,-0.012034858,0
11/19/2020,352.8100891,0.004210064,1
11/20/2020,350.394104,-0.006847835,0
11/23/2020,352.4945679,0.005994575,1
11/24/2020,358.1745605,0.016113703,1
11/25/2020,357.622345,-0.00154175,0
11/27/2020,358.6183167,0.002784982,1
11/30/2020,357.0306702,-0.00442712,0
12/1/2020,360.9356689,0.010937432,1
12/2/2020,361.6949463,0.002103636,1
12/3/2020,361.596344,-0.000272612,0
12/4/2020,364.7124329,0.00861759,1
12/7/2020,363.9629822,-0.002054909,0
12/8/2020,365.0280151,0.002926212,1
12/9/2020,361.7541504,-0.008968804,0
12/10/2020,361.6358032,-0.000327148,0
12/11/2020,361.2117615,-0.001172566,0
12/14/2020,359.5945435,-0.004477202,0
12/15/2020,364.4560547,0.013519424,1
12/16/2020,365.0280151,0.001569354,1
12/17/2020,367.0692444,0.00559198,1
12/18/2020,365.6036072,-0.003992809,0
12/21/2020,364.2963562,-0.003575596,0
12/22/2020,363.6823425,-0.001685478,0
12/23/2020,364.0091858,0.000898705,1
12/24/2020,365.4253235,0.00389039,1
12/28/2020,368.5646362,0.008590846,1
12/29/2020,367.8615112,-0.001907739,0
12/30/2020,368.3863525,0.001426736,1
12/31/2020,370.2580566,0.005080818,1
1/4/2021,365.2173767,-0.013613964,0
1/5/2021,367.7327576,0.006887353,1
1/6/2021,369.9312134,0.005978406,1
1/7/2021,375.4274902,0.014857564,1
1/8/2021,377.5665894,0.005697769,1
1/11/2021,375.0214844,-0.006740811,0
1/12/2021,375.1006775,0.00021117,1
1/13/2021,376.1108398,0.002693043,1
1/14/2021,374.7936707,-0.003502077,0
1/15/2021,372.0604248,-0.007292668,0
1/19/2021,374.981842,0.007851997,1
1/20/2021,380.1710815,0.013838642,1
1/21/2021,380.5177002,0.000911744,1
1/22/2021,379.1708374,-0.003539554,0
1/25/2021,380.6662598,0.003943928,1
1/26/2021,380.0720825,-0.001560888,0
1/27/2021,370.7829285,-0.024440506,0
1/28/2021,373.9717407,0.008600213,1
1/29/2021,366.4849854,-0.020019575,0
2/1/2021,372.5853271,0.016645544,1
2/2/2021,377.8537598,0.014140204,1
2/3/2021,378.1508484,0.000786253,1
2/4/2021,382.4487915,0.011365684,1
2/5/2021,383.954071,0.003935898,1
2/8/2021,386.7269592,0.007221927,1
2/9/2021,386.4694824,-0.000665784,0
2/10/2021,386.3011169,-0.00043565,0
2/11/2021,386.9250183,0.001615065,1
2/12/2021,388.8363342,0.004939758,1
2/16/2021,388.4996033,-0.000865997,0
2/17/2021,388.5887756,0.00022953,1
2/18/2021,386.934906,-0.004256092,0
2/19/2021,386.2515869,-0.001765979,0
2/22/2021,383.2806396,-0.007691741,0
2/23/2021,383.7460938,0.001214395,1
2/24/2021,387.9747314,0.011019363,1
2/25/2021,378.6261902,-0.024095748,0
2/26/2021,376.6752625,-0.005152649,0
3/1/2021,385.8059692,0.024240261,1
3/2/2021,382.7954407,-0.007803219,0
3/3/2021,377.7250061,-0.013245807,0
3/4/2021,373.0507507,-0.012374758,0
3/5/2021,379.9136047,0.018396569,1
3/8/2021,378.0220947,-0.00497879,0
3/9/2021,383.4193115,0.014277517,1
3/10/2021,385.8059692,0.006224667,1
3/11/2021,389.7176819,0.010139067,1
3/12/2021,390.2425537,0.0013468,1
3/15/2021,392.5697937,0.005963573,1
3/16/2021,392.074646,-0.001261299,0
3/17/2021,393.4115906,0.003409924,1
3/18/2021,387.687561,-0.014549723,0
3/19/2021,386.9702454,-0.001850242,0
3/22/2021,390.0601501,0.007984864,1
3/23/2021,386.9901123,-0.007870678,0
3/24/2021,385.0228271,-0.005083554,0
3/25/2021,387.1888123,0.005625602,1
3/26/2021,393.4283447,0.016114961,1
3/29/2021,393.2296448,-0.000505047,0
3/30/2021,392.1864014,-0.002653013,0
3/31/2021,393.776062,0.004053329,1
4/1/2021,398.0284729,0.010799059,1
4/5/2021,403.7414246,0.014353123,1
4/6/2021,403.5029907,-0.000590561,0
4/7/2021,403.9699402,0.001157239,1
4/8/2021,405.8875122,0.004746819,1
4/9/2021,408.8383789,0.007270159,1
4/12/2021,408.9874268,0.000364564,1
4/13/2021,410.1995239,0.002963654,1
4/14/2021,408.798645,-0.003415116,0
4/15/2021,413.190155,0.010742477,1
4/16/2021,414.5711975,0.00334239,1
4/19/2021,412.5343933,-0.004913038,0
4/20/2021,409.5140076,-0.007321537,0
4/21/2021,413.388855,0.009462063,1
4/22/2021,409.6133728,-0.009133004,0
4/23/2021,414.0545349,0.010842327,1
4/26/2021,414.9189453,0.002087673,1
4/27/2021,414.8295288,-0.000215504,0
4/28/2021,414.7102966,-0.000287425,0
4/29/2021,417.3531494,0.006372769,1
4/30/2021,414.6109314,-0.006570498,0
5/3/2021,415.5051575,0.002156784,1
5/4/2021,412.9417725,-0.006169322,0
5/5/2021,413.0709534,0.000312831,1
5/6/2021,416.3695374,0.007985514,1
5/7/2021,419.3998718,0.007277993,1
5/10/2021,415.2468262,-0.009902353,0
5/11/2021,411.5408325,-0.008924797,0
5/12/2021,402.7975769,-0.021245172,0
5/13/2021,407.6361694,0.012012467,1
5/14/2021,413.8955688,0.015355358,1
5/17/2021,412.8424072,-0.002544511,0
5/18/2021,409.2854919,-0.008615673,0
5/19/2021,408.2124329,-0.002621786,0
5/20/2021,412.6039734,0.010757978,1
5/21/2021,412.2661438,-0.000818774,0
5/24/2021,416.4689026,0.010194286,1
5/25/2021,415.5448914,-0.00221868,0
5/26/2021,416.3695374,0.001984493,1
5/27/2021,416.5881042,0.000524935,1
5/28/2021,417.3332825,0.001788765,1
6/1/2021,416.9656982,-0.000880793,0
6/2/2021,417.6213989,0.001572553,1
6/3/2021,416.0714722,-0.00371132,0
6/4/2021,419.8768005,0.009145853,1
6/7/2021,419.4694519,-0.000970162,0
6/8/2021,419.5588684,0.000213166,1
6/9/2021,418.9328918,-0.001491987,0
6/10/2021,420.8802795,0.004648448,1
6/11/2021,421.5757751,0.001652478,1
6/14/2021,422.5196533,0.002238929,1
6/15/2021,421.7446899,-0.001834148,0
6/16/2021,419.3899231,-0.005583394,0
6/17/2021,419.2508545,-0.000331597,0
6/18/2021,413.5950012,-0.01349038,0
6/21/2021,419.5159912,0.014315913,1
6/22/2021,421.7588196,0.005346229,1
6/23/2021,421.2504578,-0.001205338,0
6/24/2021,423.7424622,0.005915731,1
6/25/2021,425.2476196,0.003552057,1
6/28/2021,426.1048889,0.00201593,1
6/29/2021,426.3341675,0.00053808,1
6/30/2021,426.6930237,0.000841725,1
7/1/2021,429.0554504,0.005536596,1
7/2/2021,432.3349304,0.007643488,1
7/6/2021,431.5474548,-0.001821448,0
7/7/2021,433.0725708,0.003534063,1
7/8/2021,429.5438843,-0.008148026,0
7/9/2021,434.1291809,0.010674804,1
7/12/2021,435.6842041,0.003581937,1
7/13/2021,434.1989746,-0.003408959,0
7/14/2021,434.8468933,0.001492216,1
7/15/2021,433.3616638,-0.003415523,0
7/16/2021,429.9625244,-0.007843655,0
7/19/2021,423.6128845,-0.014767891,0
7/20/2021,429.6834412,0.014330434,1
7/21/2021,433.1622925,0.008096312,1
7/22/2021,434.0693665,0.002094074,1
7/23/2021,438.5350952,0.010288053,1
7/26/2021,439.6116333,0.00245485,1
7/27/2021,437.6080627,-0.004557592,0
7/28/2021,437.4286194,-0.000410055,0
7/29/2021,439.2427979,0.00414737,1
7/30/2021,437.1096497,-0.004856422,0
8/2/2021,436.1925659,-0.002098063,0
8/3/2021,439.7412109,0.008135501,1
8/4/2021,437.5781555,-0.004918928,0
8/5/2021,440.3492737,0.006332853,1
8/6/2021,441.0769348,0.001652464,1
8/9/2021,440.7180786,-0.000813591,0
8/10/2021,441.2663269,0.001243989,1
8/11/2021,442.3628235,0.002484886,1
8/12/2021,443.6885681,0.002996962,1
8/13/2021,444.4960022,0.001819822,1
8/16/2021,445.5426331,0.002354646,1
8/17/2021,442.6220093,-0.006555206,0
8/18/2021,437.7774963,-0.010945034,0
8/19/2021,438.4553223,0.001548334,1
8/20/2021,441.9441528,0.007957095,1
8/23/2021,445.8317261,0.008796526,1
8/24/2021,446.5394287,0.001587376,1
8/25/2021,447.4764404,0.002098385,1
8/26/2021,444.8348999,-0.005903195,0
8/27/2021,448.8121643,0.00894099,1
8/30/2021,450.7858276,0.004397526,1
8/31/2021,450.117981,-0.001481517,0
9/1/2021,450.3571777,0.000531409,1
9/2/2021,451.7427673,0.003076646,1
9/3/2021,451.6331177,-0.000242726,0
9/7/2021,450.01828,-0.003575552,0
9/8/2021,449.4700623,-0.001218212,0
9/9/2021,447.5462341,-0.004280214,0
9/10/2021,444.0175171,-0.007884587,0
9/13/2021,445.1538696,0.002559252,1
9/14/2021,442.7515869,-0.005396522,0
9/15/2021,446.4497375,0.008352654,1
9/16/2021,445.7420044,-0.001585247,0
9/17/2021,441.3999939,-0.009741084,0
9/20/2021,434.0400085,-0.016674185,0
9/21/2021,433.6300049,-0.000944622,0
9/22/2021,437.8599854,0.009754815,1
9/23/2021,443.1799927,0.012150019,1
9/24/2021,443.9100037,0.001647211,1
9/27/2021,442.6400146,-0.002860916,0
9/28/2021,433.7200012,-0.020151846,0
9/29/2021,434.4500122,0.001683139,1
9/30/2021,429.1400146,-0.012222344,0
10/1/2021,434.2399902,0.011884176,1
10/4/2021,428.6400146,-0.012896038,0
10/5/2021,433.1000061,0.010404982,1
10/6/2021,434.8999939,0.004156056,1
10/7/2021,438.6600037,0.008645688,1
10/8/2021,437.8599854,-0.001823778,0
10/11/2021,434.6900024,-0.007239718,0
10/12/2021,433.6199951,-0.002461541,0
10/13/2021,435.1799927,0.003597614,1
10/14/2021,442.5,0.016820643,1
10/15/2021,445.8699951,0.007615808,1
